id	role	chembl	nM	assay_type	doc
C0001	candidate	CHEMBL1645129	1000.0	Kd	CHEMBL1641443
C0002	candidate	CHEMBL4873946	6200.0	IC50	CHEMBL4828712
C0003	random_null	CHEMBL3552175			ChEMBL_random
C0004	random_null	CHEMBL1970006			ChEMBL_random
C0005	random_null	CHEMBL4866832			ChEMBL_random
C0006	candidate	CHEMBL4514380	770.0	Kd	CHEMBL4342492
C0007	random_null	CHEMBL4079515			ChEMBL_random
C0008	random_null	CHEMBL1431794			ChEMBL_random
C0009	candidate	CHEMBL1645131	4200.0	Kd	CHEMBL1641443
C0010	candidate	CHEMBL1645247	4000.0	Kd	CHEMBL1641443
C0011	candidate	CHEMBL4536283	3600.0	IC50	CHEMBL4422649
C0012	candidate	CHEMBL4467451	2300.0	IC50	CHEMBL4422649
C0013	candidate	CHEMBL1645287	61400.0	IC50	CHEMBL1641443
C0014	random_null	CHEMBL3262812			ChEMBL_random
C0015	random_null	CHEMBL5291382			ChEMBL_random
C0016	random_null	CHEMBL5949596			ChEMBL_random
C0017	candidate	CHEMBL1645130	1300.0	Kd	CHEMBL1641443
C0018	random_null	CHEMBL3489637			ChEMBL_random
C0019	candidate	CHEMBL238103	19.0	Kd	CHEMBL4130629
C0020	candidate	CHEMBL1645289	73600.0	IC50	CHEMBL1641443
C0021	candidate	CHEMBL1645125	4300.0	Kd	CHEMBL1641443
C0022	random_null	CHEMBL30053			ChEMBL_random
C0023	random_null	CHEMBL4079382			ChEMBL_random
C0024	candidate	CHEMBL1645265	600.0	Kd	CHEMBL1641443
C0025	candidate	CHEMBL1645242	2300.0	Kd	CHEMBL1641443
C0026	random_null	CHEMBL3493385			ChEMBL_random
C0027	random_null	CHEMBL3290257			ChEMBL_random
C0028	random_null	CHEMBL3194890			ChEMBL_random
C0029	candidate	CHEMBL4873137	720.0	IC50	CHEMBL4813943
C0030	random_null	CHEMBL5949478			ChEMBL_random
C0031	random_null	CHEMBL3194944			ChEMBL_random
C0032	candidate	CHEMBL4556233	7600.0	IC50	CHEMBL4422649
C0033	random_null	CHEMBL3623166			ChEMBL_random
C0034	random_null	CHEMBL3985889			ChEMBL_random
C0035	random_null	CHEMBL3194885			ChEMBL_random
C0036	random_null	CHEMBL2373383			ChEMBL_random
C0037	candidate	CHEMBL223228	3.5	IC50	CHEMBL4422649
C0038	candidate	CHEMBL4873037	8500.0	IC50	CHEMBL4828712
C0039	candidate	CHEMBL4863990	120.0	IC50	CHEMBL4813943
C0040	candidate	CHEMBL1645118	300.0	Kd	CHEMBL1641443
C0041	random_null	CHEMBL3489670			ChEMBL_random
C0042	random_null	CHEMBL5291404			ChEMBL_random
C0043	random_null	CHEMBL5291268			ChEMBL_random
C0044	random_null	CHEMBL3290204			ChEMBL_random
C0045	random_null	CHEMBL5291253			ChEMBL_random
C0046	random_null	CHEMBL4993992			ChEMBL_random
C0047	candidate	CHEMBL1645256	1200.0	Kd	CHEMBL1641443
C0048	random_null	CHEMBL3985901			ChEMBL_random
C0049	random_null	CHEMBL1704443			ChEMBL_random
C0050	candidate	CHEMBL4441575	2100.0	IC50	CHEMBL4422649
C0051	random_null	CHEMBL4640183			ChEMBL_random
C0052	random_null	CHEMBL3290195			ChEMBL_random
C0053	random_null	CHEMBL6033469			ChEMBL_random
C0054	random_null	CHEMBL29615			ChEMBL_random
C0055	candidate	CHEMBL4594134	1200.0	IC50	CHEMBL4422649
C0056	candidate	CHEMBL318846	250000.0	IC50	CHEMBL1126407
C0057	random_null	CHEMBL3552224			ChEMBL_random
C0058	random_null	CHEMBL3552247			ChEMBL_random
C0059	random_null	CHEMBL3493432			ChEMBL_random
C0060	candidate	CHEMBL1641635	3300.0	Kd	CHEMBL1641443
C0061	random_null	CHEMBL5561223			ChEMBL_random
C0062	random_null	CHEMBL5561252			ChEMBL_random
C0063	random_null	CHEMBL3489583			ChEMBL_random
C0064	random_null	CHEMBL3623215			ChEMBL_random
C0065	random_null	CHEMBL28803			ChEMBL_random
C0066	random_null	CHEMBL1431840			ChEMBL_random
C0067	candidate	CHEMBL4468918	2800.0	Kd	CHEMBL4342492
C0068	random_null	CHEMBL3290186			ChEMBL_random
C0069	random_null	CHEMBL3489649			ChEMBL_random
C0070	candidate	CHEMBL4865734	11400.0	IC50	CHEMBL4828712
C0071	random_null	CHEMBL5561231			ChEMBL_random
C0072	random_null	CHEMBL3489630			ChEMBL_random
C0073	random_null	CHEMBL3489596			ChEMBL_random
C0074	candidate	CHEMBL4872465	7000.0	IC50	CHEMBL4828712
C0075	candidate	CHEMBL1645262	1700.0	Kd	CHEMBL1641443
C0076	random_null	CHEMBL3985764			ChEMBL_random
C0077	random_null	CHEMBL1588491			ChEMBL_random
C0078	random_null	CHEMBL5949548			ChEMBL_random
C0079	random_null	CHEMBL2058298			ChEMBL_random
C0080	candidate	CHEMBL1645132	2500.0	Kd	CHEMBL1641443
C0081	random_null	CHEMBL6033519			ChEMBL_random
C0082	random_null	CHEMBL3186767			ChEMBL_random
C0083	random_null	CHEMBL516560			ChEMBL_random
C0084	candidate	CHEMBL1645124	3000.0	Kd	CHEMBL1641443
C0085	candidate	CHEMBL1645120	4200.0	Kd	CHEMBL1641443
C0086	random_null	CHEMBL3985774			ChEMBL_random
C0087	random_null	CHEMBL1704363			ChEMBL_random
C0088	candidate	CHEMBL1645126	3400.0	Kd	CHEMBL1641443
C0089	candidate	CHEMBL4857342	3800.0	IC50	CHEMBL4828712
C0090	random_null	CHEMBL1588411			ChEMBL_random
C0091	random_null	CHEMBL2058330			ChEMBL_random
C0092	random_null	CHEMBL4640174			ChEMBL_random
C0093	candidate	CHEMBL1645267	3200.0	Kd	CHEMBL1641443
C0094	candidate	CHEMBL4859112	290.0	IC50	CHEMBL4813943
C0095	random_null	CHEMBL3290237			ChEMBL_random
C0096	candidate	CHEMBL4473905	1200.0	IC50	CHEMBL4422649
C0097	candidate	CHEMBL1645263	2400.0	Kd	CHEMBL1641443
C0098	random_null	CHEMBL2373378			ChEMBL_random
C0099	candidate	CHEMBL4460156	27000.0	IC50	CHEMBL4422649
C0100	candidate	CHEMBL5204063	1.5	IC50	CHEMBL5126520
C0101	control:temsavir_83J	CHEMBL3301620	0.83	Kd	CHEMBL4130629
C0102	candidate	CHEMBL1645291	20500.0	IC50	CHEMBL1641443
C0103	candidate	CHEMBL4563477	460.0	IC50	CHEMBL4422649
C0104	random_null	CHEMBL2058280			ChEMBL_random
C0105	candidate	CHEMBL4528442	63000.0	IC50	CHEMBL4422649
C0106	candidate	CHEMBL4859187	230.0	IC50	CHEMBL4813943
C0107	random_null	CHEMBL3262841			ChEMBL_random
C0108	candidate	CHEMBL254781	170.0	IC50	CHEMBL4813943
C0109	candidate	CHEMBL98987	30000.0	IC50	CHEMBL1151082
C0110	random_null	CHEMBL4993929			ChEMBL_random
C0111	random_null	CHEMBL3262922			ChEMBL_random
C0112	random_null	CHEMBL2058257			ChEMBL_random
C0113	random_null	CHEMBL3954495			ChEMBL_random
C0114	random_null	CHEMBL4994040			ChEMBL_random
C0115	candidate	CHEMBL4573432	130.0	IC50	CHEMBL4321787
C0116	candidate	CHEMBL1645111	760.0	Kd	CHEMBL1641443
C0117	control:BMS378806_83G	CHEMBL337301	8700.0	IC50	CHEMBL4321787
C0118	random_null	CHEMBL5561326			ChEMBL_random
C0119	candidate	CHEMBL4573301	59000.0	IC50	CHEMBL4422649
C0120	random_null	CHEMBL3092114			ChEMBL_random
C0121	candidate	CHEMBL4870333	800.0	IC50	CHEMBL4828712
C0122	random_null	CHEMBL2058286			ChEMBL_random
C0123	candidate	CHEMBL4517215	1800.0	Kd	CHEMBL4342492
C0124	candidate	CHEMBL1645266	1600.0	Kd	CHEMBL1641443
C0125	random_null	CHEMBL4994057			ChEMBL_random
C0126	random_null	CHEMBL3489686			ChEMBL_random
C0127	candidate	CHEMBL1645112	2200.0	Kd	CHEMBL1641443
C0128	candidate	CHEMBL1645261	58500.0	IC50	CHEMBL1641443
C0129	candidate	CHEMBL1645258	58600.0	IC50	CHEMBL1641443
C0130	random_null	CHEMBL3552272			ChEMBL_random
C0131	random_null	CHEMBL4581046			ChEMBL_random
C0132	random_null	CHEMBL3489698			ChEMBL_random
C0133	random_null	CHEMBL1588403			ChEMBL_random
C0134	random_null	CHEMBL4079487			ChEMBL_random
C0135	candidate	CHEMBL4463469	68000.0	IC50	CHEMBL4422649
C0136	candidate	CHEMBL4862383	6600.0	IC50	CHEMBL4828712
C0137	random_null	CHEMBL3954492			ChEMBL_random
C0138	random_null	CHEMBL3954461			ChEMBL_random
C0139	random_null	CHEMBL3290179			ChEMBL_random
C0140	random_null	CHEMBL5949474			ChEMBL_random
C0141	random_null	CHEMBL4640167			ChEMBL_random
C0142	candidate	CHEMBL4553472	4000.0	IC50	CHEMBL4422649
C0143	candidate	CHEMBL1645255	3100.0	Kd	CHEMBL1641443
C0144	random_null	CHEMBL3493378			ChEMBL_random
C0145	random_null	CHEMBL4640177			ChEMBL_random
C0146	random_null	CHEMBL3623223			ChEMBL_random
C0147	candidate	CHEMBL1645270	2600.0	Kd	CHEMBL1641443
C0148	candidate	CHEMBL4547005	460.0	IC50	CHEMBL5230138
C0149	candidate	CHEMBL5278363	390.0	IC50	CHEMBL5230138
C0150	random_null	CHEMBL5949587			ChEMBL_random
C0151	candidate	CHEMBL4579482	46000.0	IC50	CHEMBL4422649
C0152	random_null	CHEMBL4994029			ChEMBL_random
C0153	candidate	CHEMBL1645259	2100.0	Kd	CHEMBL1641443
C0154	random_null	CHEMBL2058209			ChEMBL_random
C0155	random_null	CHEMBL1588454			ChEMBL_random
C0156	random_null	CHEMBL3439197			ChEMBL_random
C0157	random_null	CHEMBL4640219			ChEMBL_random
C0158	candidate	CHEMBL4444898	61000.0	IC50	CHEMBL4422649
C0159	candidate	CHEMBL4471847	42000.0	IC50	CHEMBL4422649
C0160	random_null	CHEMBL5633855			ChEMBL_random
C0161	random_null	CHEMBL2058258			ChEMBL_random
C0162	candidate	CHEMBL1645119	9400.0	Kd	CHEMBL1641443
C0163	random_null	CHEMBL3489587			ChEMBL_random
C0164	random_null	CHEMBL3489693			ChEMBL_random
C0165	candidate	CHEMBL1645121	1900.0	Kd	CHEMBL1641443
C0166	random_null	CHEMBL3493418			ChEMBL_random
C0167	random_null	CHEMBL4993945			ChEMBL_random
C0168	random_null	CHEMBL1970028			ChEMBL_random
