id	smiles
C0001	CC1(C)CC(NC(=O)C(=O)Nc2ccc(Cl)c(F)c2)CC(C)(C)O1
C0002	CC1(C)CC(NC(=O)c2ccc(-c3ccc(Cl)c(F)c3)[nH]2)CC(C)(C)N1
C0003	CC(C)(C)NC[C@@H]1CCC[C@@H]2CN(Cc3csnn3)C[C@@H]21
C0004	CN(c1ccccc1CNc1nc(N)nc2[nH]ccc12)S(C)(=O)=O
C0005	CCCCCCc1cc(CNC(=O)[C@H](O)C(C)(C)CO)on1
C0006	CCOC(=O)N1CCC[C@H](C(=O)Nc2ccc(Cl)c(F)c2)C1
C0007	Cn1c(-c2ccnc(NC3CCOCC3)n2)cc2c1CCNC2=O
C0008	COCCNC(=O)c1cn(Cc2c(F)cccc2Cl)nn1
C0009	CN1CCCC(NC(=O)C(=O)Nc2ccc(Cl)c(F)c2)C1
C0010	Cc1n[nH]c(C)c1CNC(=O)C(=O)Nc1ccc(Cl)c(F)c1
C0011	CC1(C)CC(NC(=O)C(=O)Nc2ccnc(Br)c2)CC(C)(C)N1
C0012	CC1(C)CC(NC(=O)C(=O)Nc2ccnc(Cl)c2)CC(C)(C)N1
C0013	O=C(NCC(c1ccc(Cl)cc1)N1CCCC1)C(=O)Nc1ccc(Cl)c(F)c1
C0014	O=C(c1ccccc1Cl)N1CCN(CCOc2ccccc2)CC1
C0015	c1coc(C2CCc3cc(C4SCCCS4)ccc3O2)c1
C0016	OCC1O[C@H](Sc2ccc(Cl)c(Br)c2)C(O)[C@@H](n2cc(-c3nccs3)nn2)[C@H]1O
C0017	CC1(C)CC(NC(=O)C(=O)Nc2ccc(Cl)c(F)c2)CC(C)(C)[N+]1(C)[O-]
C0018	CCC(O)CN1CCN(C(=O)c2cc(Cl)cc3cccnc23)CC1
C0019	COc1ncc(OC)c2c(C(=O)C(=O)N3CCN(C(=O)c4ccccc4)CC3)c[nH]c12
C0020	CN1CCN(C(CNC(=O)C(=O)Nc2ccc(Cl)c(F)c2)c2ccccc2Cl)CC1
C0021	CN1CCC(CNC(=O)C(=O)Nc2ccc(Cl)c(F)c2)CC1
C0022	CCN(CC)CCn1nc2c3c(c(CNS(C)(=O)=O)ccc31)Sc1ccc(OC)cc1-2
C0023	CCn1c(C(=O)NC(CC(=O)O)C(=O)OC)ccc1C(CC)(CC)c1ccc(OCCC(O)(CC)CC)c(C)c1
C0024	O=C(Nc1ccc(Cl)c(F)c1)C(=O)NC1CCNC2(CCC2)C1
C0025	CC(C)N1CCCCC1CCNC(=O)C(=O)Nc1ccc(Cl)c(F)c1
C0026	CCc1nnc(C2Cc3ccccc3CN2Cc2nc(C)no2)o1
C0027	CCOC(=O)C1C(=O)NC(NC(=O)C(F)(F)F)=NC1c1ccc(Br)cc1
C0028	CCOC(=O)Cn1/c(=N/C(=O)CSC(C)=O)sc2cc(OC)ccc21
C0029	N=C(N)NCCCCCCCCCCC(=O)NCCN1CCC(NC(=O)C(=O)Nc2ccc(Cl)cc2)CC12CCCCC2
C0030	OCCCc1cn(-c2ccc(Cl)c(C(F)(F)F)c2)nn1
C0031	COC(=O)Cc1nn(-c2nc3ccccc3s2)c(O)c1/C(C)=N/c1ccc(OC)cc1
C0032	CC1(C)CC(NC(=O)C(=O)Nc2cnc(F)c(F)c2)CC(C)(C)N1
C0033	CN(CC(=O)O)NC(=O)C[C@H](N)C[C@@H](O)CNCc1ccccc1
C0034	N#CC1=C(N)Nc2[nH]c(=O)[nH]c(=O)c2C1c1ccc(Cl)c(Cl)c1
C0035	C/C(=N\NC(=O)Cc1c(C)n[nH]c1O)c1cccc(Br)c1
C0036	CNC(=O)N1[C@H]2CN3C4=C(C(=O)C(N)=C(C)C4=O)[C@@H](COC(N)=O)[C@@]3(OC)[C@@H]21
C0037	O=C1Nc2ccc(Cl)cc2[C@@](C#CC2CC2)(C(F)(F)F)O1
C0038	O=C(N[C@@H](CC1CCNCC1)c1nc(CO)cs1)c1ccc(-c2ccc(C(F)(F)F)cc2)[nH]1
C0039	N=C(N)NCCCCC(=O)NCCN1CCC(NC(=O)C(=O)Nc2ccc(Cl)cc2)CC12CCCCC2
C0040	CN1C(C)(C)CC(NC(=O)C(=O)Nc2ccc(Cl)c(F)c2)CC1(C)C
C0041	c1ncn(CC2CCCN(Cc3cn4ccsc4n3)C2)n1
C0042	COC[C@@H]1C[C@H]2[C@@H]3CCc4cc(O)ccc4[C@H]3CC[C@]2(C)C1NN
C0043	CNc1cc(Oc2cccc(NC(=O)C(C)(C)CCl)c2)ncn1
C0044	NS(=O)(=O)c1ccc(-n2nc(C(=O)NC3CCCCC3)nc2-c2ccccc2)cc1
C0045	O=C1Nc2cc(Br)ccc2/C1=C1/Nc2ccc(Cl)cc2/C1=N\O
C0046	CC(=O)N1CCc2cc(S(=O)(=O)N(C)c3cnccn3)ccc21
C0047	O=C(NCC1NCCc2ccccc21)C(=O)Nc1ccc(Cl)c(F)c1
C0048	Cn1c2c(c3ccccc31)CC1c3cc4c(cc3CCN1C2)OCO4
C0049	CC(=O)OC1CCC2(C)C(CCC3C2CC(=O)C2(C)C3CC(N3CC3)C2C(C)=O)C1
C0050	CC1(C)CC(NC(=O)C(=O)Nc2ccc(F)nc2)CC(C)(C)N1
C0051	N[C@H]1C[C@@H](N2Cc3c[nH]nc3C2)[C@@H](C(F)(F)F)O[C@@H]1c1cc(F)ccc1F
C0052	O=C1/C(=C/c2ccc(N3CCCC3)cc2)CCc2ccccc21
C0053	CCNc1cc2c(cn1)c(-c1ccc(OC3CCOCC3)cc1)nn2C1CCC(Oc2ccc(=O)n(C)n2)CC1
C0054	Cc1ccc(Oc2c(C)cc(Cl)cc2Cl)c(CC(=O)O)c1
C0055	CC1(C)CC(NC(=O)C(=O)Nc2ccc(Br)nc2)CC(C)(C)N1
C0056	COC(=O)C(=O)N1CCC[C@@H]1C(=O)N[C@H](Cc1ccccc1)C(=O)OCc1ccccc1
C0057	Cc1nc(CO[C@H]2CN(Cc3cccs3)[C@@H]3COC[C@H]23)cs1
C0058	c1cncc(CO[C@H]2CC[C@H]3[C@@H]2OCCN3C2CCOCC2)c1
C0059	CNc1cc2c(nn1)CCN(C(=O)c1coc(Br)c1)C2
C0060	CCCN1CCCC(NC(=O)C(=O)Nc2ccc(Cl)c(F)c2)C1
C0061	CC(C)C[C@H](NC(=O)[C@H](Cc1ccc(F)cc1)NC(=O)OCc1ccccc1)C(=O)NC(C=O)Cc1cncs1
C0062	[O-][S+](Cc1ccccc1)c1ccc2cc(Br)ccc2n1
C0063	CCN(CC1CCOC1)C(=O)Nc1ccc(N2CCOCC2)nc1
C0064	C[C@]12Cc3cn[nH]c3C(=O)[C@@H]1CC[C@@H]1[C@@H]2CC[C@]2(C)[C@@H](O)CC[C@@H]12
C0065	CCn1cc(C(=O)O)c(=O)c2ccc(N3CCNCC3)cc21
C0066	Cc1ccc(CNC(=O)CNS(=O)(=O)c2ccc3nc(C)sc3c2)cc1
C0067	CS(=O)(=O)N1CCC[C@H](C(=O)Nc2ccc(Cl)c(F)c2)C1
C0068	COc1cc(/C=C/C(=O)/C=C/c2cc(F)c(O)c(OC)c2)cc(F)c1O
C0069	O=C1CCc2cc(NC(=O)C3CCCN3c3nccs3)ccc2N1
C0070	O=C(NC1(c2nc(CO)cs2)CCNCC1)c1ccc(-c2ccc(C(F)(F)F)cc2)[nH]1
C0071	CN(CC(=O)O)Cc1nc(-c2ccccc2)c(-c2ccccc2)o1
C0072	Cc1ccc(Cl)cc1N1CCC(CNC(=O)Cn2cccn2)C1
C0073	O=C1CN(C(=O)c2cccc(OCc3cscn3)c2)CCN1
C0074	NC[C@@H](NC(=O)c1cc2ccc(Cl)cc2[nH]1)c1ncc(CO)s1
C0075	O=C(NCC1CCN(C2CC2)C1)C(=O)Nc1ccc(Cl)c(F)c1
C0076	CNc1ncc(Cl)c(N[C@@H](C)c2cc3cccc(C)c3c(=O)n2-c2ccccc2)n1
C0077	Cc1ccc(Cn2c(N3CCCCCC3)nc3c2c(=O)[nH]c(=O)n3C)cc1
C0078	COc1cccc(OC)c1-n1c(NS(=O)(=O)C(C)Cc2ncc(F)cn2)nnc1-c1cccnc1
C0079	Nc1scc2c(-c3ccccc3)nn(CC(F)(F)F)c(=O)c12
C0080	CN1CCCC(CNC(=O)C(=O)Nc2ccc(Cl)c(F)c2)C1
C0081	Cn1cc(-c2cn3nccc3c(-c3cnn(C4(CC#N)CCC4)c3)n2)cn1
C0082	CC1(C(=O)NS(=O)(=O)c2ccc(Br)cc2)CCN1C(=O)CCc1ccccc1
C0083	CC(C)=CCC[C@@H](C)[C@H]1CC[C@H]2[C@H](CCc3cc(O)ccc3C)[C@H](O)CC[C@]12C
C0084	O=C(NCC1CCNCC1)C(=O)Nc1ccc(Cl)c(F)c1
C0085	CCCN1CCC(NC(=O)C(=O)Nc2ccc(Cl)c(F)c2)CC1
C0086	O=S(=O)(Nc1nccs1)c1ccc2c(c1)OCCN2c1ccc2nccnc2c1
C0087	COCCN(CCOC)S(=O)(=O)c1ccc(NC(=O)c2cnccn2)cc1
C0088	CCN1CCC(CNC(=O)C(=O)Nc2ccc(Cl)c(F)c2)CC1
C0089	Cl.NCCNC(=O)c1ccc(-c2ccc(Cl)c(F)c2)[nH]1
C0090	Cc1nnc(Sc2cc(NCCCO)c([N+](=O)[O-])c3nonc23)s1
C0091	CC[C@@H](COC)n1c(=O)c(C)nc2c(-c3ccc(Cl)cc3Cl)ccnc21
C0092	O=S(=O)(c1ccc2c(c1)c(Nc1ccc(F)c(C3CC3)c1)nn2C1CC1)N1CCC(O)CC1
C0093	O=C(NCC1CCCN(CCO)C1)C(=O)Nc1ccc(Cl)c(F)c1
C0094	N=C(N)NCCCC[C@H](NC(=N)N)C(=O)NCCN1CCC(NC(=O)C(=O)Nc2ccc(Cl)cc2)CC12CCCCC2
C0095	CCOC(=O)C1C(=O)NC(N)=NC1c1ccc(Br)cc1
C0096	O=C(Nc1ccc(Br)nc1)C(=O)NC1CCNC2(CCCCC2)C1
C0097	O=C(Nc1ccc(Cl)c(F)c1)C(=O)NC1CCN(C2CCCCC2)C1
C0098	COc1ccc(/C=C/C(=O)C[C@@H]2OC[C@H](C[C@@H]3O[C@H]3[C@@H](C)[C@H](C)O)[C@@H](O)[C@H]2O)cc1
C0099	COc1ccc(NC(=O)C(=O)NC2CC(C)(C)NC(C)(C)C2)cn1
C0100	COc1ccnc2[nH]cc(C(=O)C(=O)N3CCN(C(=O)c4ccccc4)CC3)c12
C0101	Cc1ncn(n1)c2c3c(c(c[nH]3)C(=O)C(=O)N4CCN(CC4)C(=O)c5ccccc5)c(cn2)OC
C0102	O=C(NCc1ccccc1CN1CCOCC1)C(=O)Nc1ccc(Cl)c(F)c1
C0103	O=C(Nc1ccc(F)nc1)C(=O)NC1CCNC2(CCCCC2)C1
C0104	Nc1scc2c(C(=O)NC3CC3)nn(-c3ccc(F)cc3)c(=O)c12
C0105	CC1(C)CC(NC(=O)C(=O)Nc2ccnc(F)c2)CC(C)(C)N1
C0106	N=C(N)NCC(=O)NCCCC[C@H](NC(=N)N)C(=O)NCCN1CCC(NC(=O)C(=O)Nc2ccc(Cl)cc2)CC12CCCCC2
C0107	O=C(c1cccs1)N1CCN(CCOc2ccc(F)cc2)CC1
C0108	CC1(C)CC(NC(=O)C(=O)Nc2ccc(Cl)cc2)CC(C)(C)N1
C0109	CCN(CCCl)CC1CC(c2ccccc2)(c2ccccc2)C(=O)O1
C0110	Cc1nn(C(C)C)c(=O)n1Cc1ccc(S(C)(=O)=O)cc1
C0111	N#Cc1nc(-c2cccc3ccccc23)oc1Nc1ccccc1
C0112	CCC(CC)CN1C(=O)S/C(=C\c2cc(Br)c(O)cc2O)C1=O
C0113	COc1ccc(CN2c3ccccc3Oc3ccccc32)cc1F
C0114	C=C(C)CNC(=O)c1coc(COc2ccc3c(c2)OCO3)n1
C0115	COc1ccc(-c2ccco2)c2[nH]cc(C(=O)C(=O)N3CCN(C(=O)c4ccccc4)CC3)c12
C0116	CC1(C)CC(NC(=O)C(=O)Nc2ccc(Cl)c(F)c2)CC(C)(C)N1
C0117	C[C@@H]1CN(CCN1C(=O)C(=O)c2c[nH]c3c2c(ccn3)OC)C(=O)c4ccccc4
C0118	CCOC(=O)C(=O)Nc1ccc(/C(=C(/C)c2cccc(Br)c2)c2ccccc2)cc1
C0119	CC1(C)CC(NC(=O)C(=O)Nc2ccc(F)cn2)CC(C)(C)N1
C0120	CCCCCCCCCCC1=C(Br)C(=O)c2ccccc2C1=O
C0121	NC[C@H](NC(=O)c1ccc(-c2ccc(Cl)cc2)[nH]1)c1nccs1
C0122	CC(C)NC(=O)c1nn(-c2ccc(O)cc2)c(=O)c2c(N)scc12
C0123	COC(=O)N1CCC[C@H](C(=O)Nc2ccc(Cl)c(F)c2)C1
C0124	C[C@@H]1CCC[C@H](C)N1CCNC(=O)C(=O)Nc1ccc(Cl)c(F)c1
C0125	O=C(NOC1CCCCO1)C1CC1c1ccc(C(F)(F)F)cc1
C0126	COc1cccc(-n2nnc(C(=O)N3CCN(C(C)=O)CC3)c2C)c1
C0127	CC1(C)CC(CNC(=O)C(=O)Nc2ccc(Cl)c(F)c2)CC(C)(C)N1
C0128	O=C(Nc1ccc(Cl)c(F)c1)C(=O)N[C@@H]1CCN(Cc2ccccc2)C1
C0129	CCN1CCCC1CNC(=O)C(=O)Nc1ccc(Cl)cc1
C0130	c1cnc(NCc2noc3c2CN(CCN2CCCC2)CC3)nc1
C0131	CSc1nncc(-c2cnnc(SC3CCCCC3)n2)n1
C0132	CCC1c2ccsc2CCN1C(=O)NCCc1ccccn1
C0133	CCOC(=O)c1nnn(-c2nonc2OC)c1-c1ccccc1
C0134	CN(c1ccc(Cl)nc1)c1nn(C)c2cc(C(F)(F)F)ccc12
C0135	CC1(C)CC(NC(=O)C(=O)Nc2ccc(I)cn2)CC(C)(C)N1
C0136	O=C(NC1CCNCC1)c1ccc(-c2ccc(Cl)c(F)c2)[nH]1
C0137	CC[C@@]12CCCN3CC[C@]4(C(=O)c5ccccc5N4[C@H](OC)C1)[C@H]32
C0138	NC(=O)c1c(-c2ccc(Oc3ccccc3)cc2)nn2c1NCCC21CCN(Cc2ccccc2)CC1
C0139	COc1ccc(/C=C/C(=O)Nc2ccc3ccccc3c2)cc1O
C0140	COC(=O)C(/C=C(/C)N)=C(/N)N1CCC(NC2CCCCC2)C(CO)C1
C0141	COc1cc(Nc2nc(Nc3ccc4[nH]ccc4c3)nnc2Cl)cc(OC)c1OC
C0142	CC1(C)CC(NC(=O)C(=O)Nc2ccc(Cl)nc2)CC(C)(C)N1
C0143	O=C(NC[C@@]12CCC[C@@H]1CNC2)C(=O)Nc1ccc(Cl)c(F)c1
C0144	O=C(NCC(c1ccc(F)cc1)N1CCOCC1)Nc1cn[nH]c1
C0145	CC(C)(O)c1ccc(CO[C@@H]2O[C@H](CO)[C@@H](O)[C@H](O)[C@H]2O)cc1
C0146	C=CC[C@@H]1CC2=CC(=O)C=C[C@]2(C)[C@H]2CC[C@]3(C)C(=O)CC[C@H]3[C@H]12
C0147	CC1(C)O[C@@H](CN)[C@H](CNC(=O)C(=O)Nc2ccc(Cl)c(F)c2)O1
C0148	NC[C@@H](NC(=O)c1ccc(-c2ccc(C(F)(F)F)cc2)[nH]1)c1ncc(CO)s1
C0149	NC[C@H](NC(=O)c1ccc(-c2ccc(C(F)(F)F)cc2F)[nH]1)c1nc(CCO)cs1
C0150	Cc1c(C#N)cnc(C(=O)Nc2ccc3[nH]nc(-c4ccoc4)c3c2)c1C
C0151	CC1(C)CC(NC(=O)C(=O)Nc2ccc(C(F)(F)F)cn2)CC(C)(C)N1
C0152	Cc1c(C#N)c(NC(=O)CN(C)S(C)(=O)=O)n2ccccc12
C0153	CCN1CCCC1CNC(=O)C(=O)Nc1ccc(Cl)c(F)c1
C0154	O=C(Nc1ccncc1)c1cccc(-c2ccc(O[C@H]3O[C@H](CO)[C@@H](O)[C@H](O)[C@@H]3O)cc2)c1
C0155	CCCCN(CCCC)C(=O)C1(P(=O)(c2ccccc2)c2ccccc2)CCC1
C0156	O=C(Cn1cnc2ccsc2c1=O)NCCCc1nnc2ccccn12
C0157	CCN(CC)CCCNc1cc2nc(/C=C/c3ccc(C(C)C)cc3)n(CC(C)C)c(=O)c2cc1F
C0158	CC1(C)CC(NC(=O)C(=O)Nc2ccc(Cl)cn2)CC(C)(C)N1
C0159	CC1(C)CC(NC(=O)C(=O)Nc2ccc(Br)cn2)CC(C)(C)N1
C0160	O=C(Nc1ccc(F)c(F)c1)N1c2ccccc2NCC1CN1CCC(F)(F)CC1
C0161	CCC(CC)CN1C(=O)S/C(=C\c2cc(Br)cc(O)c2O)C1=O
C0162	CN1CCC(NC(=O)C(=O)Nc2ccc(Cl)c(F)c2)CC1
C0163	Cc1occc1C(=O)N1CCCN(Cc2nccn2C(C)C)CC1
C0164	CCC1c2ccsc2CCN1C(=O)NCc1cccnc1N(C)C
C0165	CC(C)N1CCC(NC(=O)C(=O)Nc2ccc(Cl)c(F)c2)CC1
C0166	CCn1cc(CN2CCCN(C(=O)c3ccccc3C)CC2)cn1
C0167	Cc1cnn(CC2CCN(Cc3cc4n(n3)CCNC4)CC2)c1
C0168	O=C(NC(Cl)(C(F)(F)F)C(F)(F)F)c1ccc(F)cc1
