hxb2	icode	aa	entropy_bits	coverage
31		A		0.45938708717643556
32		E	1.8636921206673696	0.7816126152930676
33		N	1.8710762790086435	0.9297828027372805
34		L	0.6749845058662776	0.9815531091936923
35		W	0.07145218787837426	0.9970246950312407
36		V	0.06344240379837589	0.9970246950312407
37		T	0.04689745886629365	0.9973222255281167
38		V	0.10126429799022985	0.9964296340374889
39		Y	0.06767576403080068	0.9973222255281167
40		Y	0.061166485268375745	0.9973222255281167
41		G	0.024482087773362915	0.9973222255281167
42		V	0.03958749797644216	0.9970246950312407
43		P	0.02485354138250269	0.9973222255281167
44		V	0.07436052666917302	0.9970246950312407
45		W	0.021172140778086473	0.9964296340374889
46		K	1.0102060857505804	0.995537042546861
47		D	0.9336627896671885	0.9952395120499852
48		A	0.1713830158052758	0.9973222255281167
49		E	2.275387213281629	0.9943469205593574
50		T	0.30116350559839805	0.9970246950312407
51		T	0.2829664898373231	0.9964296340374889
52		L	0.01819546391048149	0.9976197560249925
53		F	0.026178375048969728	0.9967271645343647
54		C	0.023517160219660813	0.9985123475156203
55		A	0.024462891797366784	0.9982148170187444
56		S	0.03513738506951199	0.9985123475156203
57		D	0.20340113923019332	0.9976197560249925
58		A	0.048669068720742684	0.9988098780124963
59		K	0.31394976264282065	0.9973222255281167
60		A	0.7352662727096423	0.9970246950312407
62		E	2.16016951293316	0.995537042546861
63		T	1.4092523315153374	0.9946444510562332
64		E	0.033269988133599146	0.9982148170187444
65		K	1.5086113655329205	0.9943469205593574
66		H	0.02461544820741676	0.9979172865218685
67		N	0.030622744922167894	0.9985123475156203
68		V	0.5911233108300363	0.9979172865218685
69		W	0.01900200654644353	0.9985123475156203
70		A	0.03833367343769668	0.9988098780124963
71		T	0.05532095265930259	0.9988098780124963
72		H	0.18344100135248917	0.9985123475156203
73		A	0.039045725724131945	0.9988098780124963
74		C	0.021127843590257135	0.9988098780124963
75		V	0.02942323668325533	0.9988098780124963
76		P	0.003920887351385718	0.9982148170187444
77		T	0.10162876695536031	0.9982148170187444
78		D	0.054640756382819844	0.9988098780124963
79		P	0.027292764747526954	0.9988098780124963
80		N	0.8506145738731772	0.9976197560249925
81		P	0.007837487053905074	0.9988098780124963
82		Q	0.39208248622694913	0.9982148170187444
83		E	0.04595549068322531	0.9985123475156203
84		I	1.7929098613810548	0.995537042546861
85		H	3.0736473956526487	0.9916691460874739
86		L	0.46226664311783816	0.9982148170187444
87		E	2.0069835423916786	0.9764950907468015
88		N	0.057218368826778325	0.9979172865218685
89		V	0.12932269883197647	0.9979172865218685
90		T	0.1222393274861451	0.9976197560249925
91		E	0.05904532291073883	0.9982148170187444
92		E	1.281722809234637	0.9967271645343647
93		F	0.04060115251365133	0.9982148170187444
94		N	0.33380399126979404	0.9982148170187444
95		M	0.3517304884869381	0.9961321035406129
96		W	0.03715953585147569	0.9970246950312407
97		K	0.6295961280343838	0.9970246950312407
98		N	0.03648644000409953	0.9982148170187444
99		N	1.562272922368755	0.9973222255281167
100		M	0.06266908502134384	0.9982148170187444
101		V	0.28487053853331984	0.9976197560249925
102		E	1.088092149336305	0.9976197560249925
103		Q	0.01818590018410952	0.9982148170187444
104		M	0.03541061543058491	0.9979172865218685
105		H	0.7716742420133829	0.9970246950312407
106		T	0.8856872378687487	0.9973222255281167
107		D	0.033354384973745384	0.9979172865218685
108		I	0.7957378185833494	0.9970246950312407
109		I	0.38037076244373835	0.9973222255281167
110		S	0.3168751940194619	0.9961321035406129
111		L	0.09411762546450117	0.9973222255281167
112		W	0.03387505494595705	0.9979172865218685
113		D	0.22315172578413547	0.9973222255281167
114		Q	0.5619018002130275	0.9982148170187444
115		S	0.13575215652009937	0.9973222255281167
116		L	0.03231969720670653	0.9976197560249925
117		K	0.26669626326181545	0.9979172865218685
118		P	0.028837309879695947	0.9979172865218685
119		C	0.015090639700641699	0.9979172865218685
120		V	0.0981123922496493	0.9982148170187444
121		K	0.49413178180238165	0.995537042546861
122		L	0.16589220641774916	0.9979172865218685
123		T	0.02625819567441942	0.9979172865218685
124		P	0.09886825254316989	0.9979172865218685
125		L	0.12500078648008536	0.9979172865218685
126		C	0.029365579292121045	0.9976197560249925
127		V	0.10722109428818877	0.9970246950312407
128		T	0.34478199586084196	0.9973222255281167
129		L	0.17013461925430728	0.9982148170187444
130		Q	1.8008264065746513	0.9931567985718536
131		C	0.003921928122319146	0.9979172865218685
132		T	1.672344346334256	0.9922642070812259
133		N	1.285642068076266	0.9946444510562332
134		V	3.04154361201682	0.9886938411187147
135		T	2.220011886441643	0.9842308836655758
136		N	2.306518097416849	0.9857185361499554
137		N	2.745630758766754	0.9875037191312109
151		R	3.27213943365562	0.9821481701874442
152		G	2.049512568336017	0.9827432311811961
153		E	1.1862552841835672	0.9869086581374591
154		L	1.736056713874655	0.9886938411187147
155		K	1.0335139020352702	0.9892889021124666
156		N	0.40464913395430424	0.991371615590598
157		C	0.047085261240681256	0.9910740850937221
158		S	0.4320013531704996	0.9901814936030943
159		F	0.16863701728099484	0.9904790240999702
160		N	0.6590292781071662	0.9907765545968462
161		M	2.1235850969567616	0.9872061886343351
162		T	0.5108127891230893	0.9889913716155906
163		T	0.48798510843333165	0.9886938411187147
164		E	2.614727839482651	0.9848259446593276
165		L	1.9953230355606395	0.9872061886343351
166		R	1.633896621315984	0.9821481701874442
167		D	1.007938540040971	0.9800654567093127
168		K	0.9086296631647678	0.9836358226718238
169		K	2.836853949454685	0.9869086581374591
170		Q	1.7636268104886297	0.9857185361499554
171		K	1.725780421931888	0.9827432311811961
172		V	2.1147982401447436	0.9723296637905385
173		Y	1.556058675354097	0.9842308836655758
174		S	0.49052081050413315	0.9892889021124666
175		L	0.6317500083976971	0.9883963106218387
176		F	0.27573108875491514	0.9880987801249628
177		Y	0.4953753451362597	0.9880987801249628
178		R	1.7882631789942012	0.9869086581374591
179		L	1.0612676511688537	0.9889913716155906
180		D	0.06336694897301116	0.9907765545968462
181		V	1.3915065434603544	0.9863135971437073
182		V	0.8862280689790933	0.9892889021124666
183		Q	1.632307420473508	0.9901814936030943
184		I	1.508531450111821	0.9898839631062184
185		N	2.3595748757234314	0.991371615590598
190		E	2.572848370749977	0.9943469205593574
191		Y	0.13741731282290956	0.9967271645343647
192		R	1.1571866453912674	0.9961321035406129
193		L	0.23948792771015573	0.9970246950312407
194		I	0.6635455932209834	0.9952395120499852
195		N	1.3237984448613227	0.9964296340374889
196		C	0.036622489826244976	0.9973222255281167
197		N	0.24812737134341475	0.9973222255281167
198		T	0.5633805003183857	0.9976197560249925
199		S	0.11041574048873859	0.9976197560249925
200		A	1.6797586506778783	0.9946444510562332
201		I	0.7031060133569349	0.995834573043737
202		T	0.8676189931762286	0.995537042546861
203		Q	0.08459314574336352	0.995537042546861
204		A	0.1348367855595633	0.9946444510562332
205		C	0.02237834594463068	0.995834573043737
206		P	0.03676464400860902	0.9952395120499852
207		K	0.049168447626241604	0.995834573043737
208		V	0.8762520492092651	0.9928592680749777
209		S	1.0870664818970968	0.9952395120499852
210		F	0.2419634590069906	0.995834573043737
211		E	1.1255474772782155	0.9946444510562332
212		P	0.011195669711038452	0.9952395120499852
213		I	0.2188089340246727	0.995537042546861
214		P	0.01763591816281779	0.9952395120499852
215		I	0.16106746189835297	0.995537042546861
216		H	0.10724148612965691	0.9952395120499852
217		Y	0.1668921383301187	0.995537042546861
218		C	0.015720327659246268	0.995537042546861
219		A	0.8628308968106867	0.995537042546861
220		P	0.030119106051816242	0.9961321035406129
221		A	0.06716836582524457	0.995537042546861
222		G	0.019042265584698726	0.9961321035406129
223		F	0.9341142583243794	0.9949419815531092
224		A	0.22184144870955702	0.9952395120499852
225		I	0.3931750149705303	0.995834573043737
226		L	0.295105435911979	0.9949419815531092
227		K	0.39064030670083033	0.9946444510562332
228		C	0.02795423839814496	0.9961321035406129
229		K	1.070165025924873	0.9946444510562332
230		D	1.2502519211388723	0.9952395120499852
231		K	0.9281115283634302	0.9967271645343647
232		K	2.320884435324344	0.9925617375781017
233		F	0.06446319967625855	0.9991074085093722
234		N	0.7764089218949874	0.9973222255281167
235		G	0.007245521307349526	0.9982148170187444
236		T	1.1427433557362354	0.9964296340374889
237		G	0.059015283056309965	0.9988098780124963
238		P	1.2429720526713415	0.9961321035406129
239		C	0.026451561196828923	0.999702469503124
240		P	2.358192551030538	0.991371615590598
241		S	0.22620498509611017	0.9982148170187444
242		V	0.13586495081412936	0.9982148170187444
243		S	0.07709362058729118	0.9979172865218685
244		T	0.8086938393135795	0.9988098780124963
245		V	0.14479368924475988	0.9985123475156203
246		Q	0.17712080735939628	0.9985123475156203
247		C	0.01900200654644353	0.9985123475156203
248		T	0.04448572636694355	0.9991074085093722
249		H	0.10178323743347842	0.9994049390062482
250		G	0.0248015385248362	0.999702469503124
251		I	0.03536431297967435	0.9994049390062482
252		K	1.0721044281843386	0.9982148170187444
253		P	0.01898695569302263	0.9994049390062482
254		V	0.23550414292315672	0.9988098780124963
255		V	0.2420377867379727	0.9991074085093722
256		S	0.1317035980261453	0.9991074085093722
257		T	0.04151422826280382	0.999702469503124
258		Q	0.10223094348343063	0.9985123475156203
259		L	0.06587754653744565	0.999702469503124
260		L	0.08296978808185093	0.9988098780124963
261		L	0.05880840334799945	0.9991074085093722
262		N	0.025026207424289612	0.999702469503124
263		G	0.023492235125998396	0.999702469503124
264		S	0.08300651833792015	0.9991074085093722
265		L	0.1032949247897951	0.999702469503124
266		A	0.30069645079869245	0.9985123475156203
267		E	0.3032956364505071	0.9803629872061886
268		E	1.479230441531343	0.9940493900624814
269		E	1.3602582102287784	0.9940493900624814
270		V	1.178220304749278	0.9949419815531092
271		M	1.604094372510549	0.9946444510562332
272		I	0.3556176409127954	0.9985123475156203
273		R	0.36890677113282283	0.9988098780124963
274		S	0.2731262185109779	0.9982148170187444
275		E	1.6500646788965574	0.9952395120499852
276		N	0.16914935390115052	0.9982148170187444
277		I	1.6474333144802336	0.9973222255281167
278		T	0.9605542751703976	0.9967271645343647
279		N	1.1867564348512432	0.9988098780124963
280		N	0.14686222444780134	0.9988098780124963
281		A	1.4131490121274446	0.9961321035406129
282		K	0.47277381690126763	0.9991074085093722
283		N	1.445353566959905	0.9949419815531092
284		I	0.06979238968735799	0.9991074085093722
285		L	0.2348615611698156	0.9982148170187444
286		V	0.1275439967570186	0.9988098780124963
287		Q	0.9842750797891512	0.9994049390062482
288		F	0.3371913077266015	0.9991074085093722
289		N	1.4251717057598117	0.9937518595656055
290		T	2.1471862733868483	0.9901814936030943
291		P	1.5252427462209712	0.9961321035406129
292		V	0.39092378301172975	0.9976197560249925
293		Q	2.634205744553357	0.9907765545968462
294		I	0.18656549493906327	0.999702469503124
295		N	1.4434797336559182	0.9949419815531092
296		C	0.015074713467459717	0.9991074085093722
297		T	1.0307231027365256	0.9949419815531092
298		R	0.018166804605745622	0.9994049390062482
299		P	0.20704412309517237	0.9994049390062482
300		N	1.5764829152003634	0.9904790240999702
301		N	0.40241883607191087	0.9988098780124963
302		N	0.36850115928951815	0.9985123475156203
303		T	0.4470790628924727	0.9979172865218685
304		R	0.5238217744419659	0.9979172865218685
305		K	1.3641386928664019	0.9949419815531092
306		S	1.194935508315057	0.9934543290687295
307		I	1.0978984709901676	0.9967271645343647
308		R	2.526142174854824	0.9925617375781017
309		I	1.3186958326827427	0.9931567985718536
312		G	0.3050573442960516	0.9976197560249925
313		P	0.44027003160902767	0.9979172865218685
314		G	0.122478718248956	0.9949419815531092
315		Q	1.6730403990565932	0.9883963106218387
316		A	1.5856901661490768	0.9916691460874739
317		F	1.2451336542544322	0.9910740850937221
318		Y	0.6671028986476063	0.9964296340374889
319		A	1.6548634740671564	0.9666765843498959
320		T	0.7280939921461299	0.991371615590598
321		G	0.8196243615111917	0.9455519190717049
321	A	D	2.3097291783691842	0.9717346027967867
322		I	0.4648238061821827	0.9901814936030943
323		I	0.855969325849765	0.995834573043737
324		G	0.12091692234475976	0.9982148170187444
325		D	0.8792208421896126	0.9967271645343647
326		I	0.31060571427965045	0.995834573043737
327		R	0.1379187822746878	0.9949419815531092
328		Q	1.4240517839995128	0.9898839631062184
329		A	0.1012562913273133	0.9982148170187444
330		H	1.0400710984516681	0.9940493900624814
331		C	0.01900200654644353	0.9985123475156203
332		N	1.287077117565963	0.9940493900624814
333		V	1.3418381785825897	0.9979172865218685
334		S	1.0466801604908889	0.9964296340374889
335		K	2.43939689615412	0.9809580481999405
336		A	2.7894882941259764	0.9794703957155608
337		T	2.7097696167160326	0.9839333531686998
338		W	0.022111967028653288	0.9979172865218685
339		N	1.7141290035323924	0.9916691460874739
340		E	2.4662428760516915	0.9916691460874739
341		T	0.8630766679004362	0.9964296340374889
342		L	0.25668917784520606	0.9982148170187444
343		G	2.8170334900016303	0.9872061886343351
344		K	2.24707108664306	0.9901814936030943
345		V	1.126681835603164	0.9973222255281167
346		V	2.497747310382888	0.9928592680749777
347		K	2.9858072191467095	0.983338292174948
348		Q	0.8693030528524507	0.9964296340374889
349		L	0.09220200655718505	0.9982148170187444
350		R	2.3992813322142497	0.9842308836655758
351		K	1.8391425886079775	0.9946444510562332
352		H	2.122215035189787	0.991371615590598
353		F	0.8225606326334782	0.995537042546861
354		G	2.8593884625874266	0.8307051472775959
355		N	1.184543935749496	0.9458494495685807
356		N	1.735562740117969	0.991371615590598
357		T	1.0804222058498063	0.9625111573936328
358		I	1.5360290050273737	0.7262719428741446
359		I	0.9759411888614675	0.9943469205593574
360		R	3.4362890329305316	0.5391252603391847
361		F	0.2859907840158788	0.9961321035406129
362		A	2.580821119921512	0.9904790240999702
363		N	2.572662220812135	0.9910740850937221
364		S	1.1766238822357176	0.9943469205593574
365		S	0.7032771159502166	0.9961321035406129
366		G	0.04160097374597306	0.9973222255281167
367		G	0.019629198876104887	0.9967271645343647
368		D	0.025463593144991904	0.9967271645343647
369		L	1.3992171419446127	0.9949419815531092
370		E	0.04763109565514612	0.995834573043737
371		V	0.6293074749704913	0.9949419815531092
372		T	1.4134796270683496	0.9916691460874739
373		T	1.4037657474956053	0.9943469205593574
374		H	0.3047008079093085	0.995834573043737
375		S	1.1374446230939894	0.9943469205593574
376		F	0.12345159708846579	0.995537042546861
377		N	0.3082505280821695	0.9952395120499852
378		C	0.038806044974381095	0.995834573043737
379		G	1.31080706122458	0.9943469205593574
380		G	0.03155585336842933	0.995537042546861
381		E	0.06618158207054926	0.995834573043737
382		F	0.022152804414256176	0.995834573043737
383		F	0.056363651802080965	0.995537042546861
384		Y	0.20580615216395784	0.9949419815531092
385		C	0.029645405175126604	0.995537042546861
386		N	0.5304112777814438	0.9937518595656055
387		T	0.7624821909030315	0.9940493900624814
388		S	1.2239507344061904	0.9922642070812259
389		G	2.6436470378101427	0.9901814936030943
390		L	0.10206886513566679	0.9952395120499852
391		F	0.05676747765648885	0.995834573043737
392		N	0.5386652759188594	0.9925617375781017
393		S	1.8140436033391103	0.9875037191312109
394		T	1.035021495327613	0.9836358226718238
395		W	1.8296894903559897	0.9512049985123475
396		I	3.697213108718892	0.9422790836060696
397		S	3.3453272411739152	0.9714370722999107
398		N	2.1740562967648835	0.9818506396905683
411		N	1.5659565318676305	0.9886938411187147
412		D	2.6769526048260595	0.9806605177030646
413		S	1.9167667703912183	0.9821481701874442
414		I	0.3873313005383448	0.9889913716155906
415		T	1.2079778775586114	0.9866111276405831
416		L	0.5308316395387764	0.9898839631062184
417		P	0.9730301184247939	0.9901814936030943
418		C	0.03823322597144803	0.9916691460874739
419		R	0.6900484791515211	0.9892889021124666
420		I	0.1194413011853167	0.991371615590598
421		K	0.4107153956698807	0.9892889021124666
422		Q	0.0656533123034902	0.991371615590598
423		I	0.6143144295121667	0.9898839631062184
424		I	0.7938020932270832	0.9898839631062184
425		N	0.5572918955359023	0.9916691460874739
426		M	1.0081434347881122	0.9907765545968462
427		W	0.04180854393650234	0.9916691460874739
428		Q	0.12546351876555317	0.9919666765843499
429		R	1.785296634781921	0.9907765545968462
430		I	0.5274797473129083	0.991371615590598
431		G	0.08303797749795834	0.9916691460874739
432		Q	1.5614056469692414	0.9901814936030943
433		A	0.1060997411616236	0.9916691460874739
434		M	0.5243043848650665	0.9907765545968462
435		Y	0.04601946902995215	0.991371615590598
436		A	0.14884267352210054	0.9919666765843499
437		P	0.32146131830968777	0.9919666765843499
438		P	0.03010512358635235	0.9922642070812259
439		I	0.3073064162921576	0.9934543290687295
440		Q	2.7187940404799185	0.9892889021124666
441		G	0.05438859027536778	0.9931567985718536
442		V	3.027778019532082	0.9925617375781017
443		I	0.30668372629890367	0.9949419815531092
444		R	2.35770172423294	0.991371615590598
445		C	0.032976919567521815	0.995537042546861
446		V	2.8061318332363485	0.9916691460874739
447		S	0.03568245337535009	0.9964296340374889
448		N	0.635356095895064	0.9940493900624814
449		I	0.02905532786502649	0.9952395120499852
450		T	0.02237834594463068	0.995834573043737
451		G	0.0190473106311099	0.995834573043737
452		L	0.8090788156486116	0.9949419815531092
453		I	0.728487642531075	0.9964296340374889
454		L	0.09464968606211527	0.9961321035406129
455		T	0.9496951810060822	0.9946444510562332
456		R	0.2237987750031959	0.9952395120499852
457		D	0.07510669937885078	0.9952395120499852
458		G	0.11002070133504648	0.9916691460874739
459		G	0.24621031985585307	0.9916691460874739
460		S	3.164317819091414	0.9342457601904195
461		T	2.940247277386577	0.9193692353466231
462		N	2.0175197044376763	0.9857185361499554
463		S	2.613844290346845	0.978875334721809
464		T	2.685163830561383	0.9586432609342458
465		T	2.0305467023937394	0.9851234751562035
466		E	0.2070163287644288	0.995537042546861
467		T	1.2332665815114678	0.9895864326093424
468		F	0.12368053338927162	0.9982148170187444
469		R	0.0675546475450599	0.9982148170187444
470		P	0.035959894497059844	0.9985123475156203
471		G	0.9575271046022064	0.995537042546861
472		G	0.02672674314195944	0.9988098780124963
473		G	0.027568942493835968	0.9979172865218685
474		D	1.019033297672966	0.9985123475156203
475		M	0.4535633582265133	0.9982148170187444
476		R	1.0046914314128097	0.9976197560249925
477		D	0.27645472152737044	0.9988098780124963
478		N	0.1014635321474192	0.9985123475156203
479		W	0.018190680717311655	0.9979172865218685
480		R	0.05944709275907653	0.9979172865218685
481		S	0.3559377436378869	0.9988098780124963
482		E	0.06284641720167305	0.9985123475156203
483		L	0.007835409077576032	0.9991074085093722
484		Y	0.06838128763780096	0.9991074085093722
485		K	0.14497228380574753	0.9985123475156203
486		Y	0.015074713467459717	0.9991074085093722
487		K	0.02897139721617876	0.9985123475156203
488		V	0.12190295269538659	0.9982148170187444
489		V	0.14619070043132218	0.9988098780124963
490		K	1.7615367590431221	0.995537042546861
491		I	0.43162034439601477	0.9982148170187444
492		E	1.0332252220937281	0.9985123475156203
493		P	0.023629472492596677	0.9988098780124963
494		L	0.33055892213265475	0.9979172865218685
495		G	0.06494254466566797	0.9991074085093722
496		V	1.2721509750279287	0.9961321035406129
497		A	0.032033068035704916	0.9988098780124963
498		P	0.007835409077576032	0.9991074085093722
499		T	0.2341304885565847	0.9985123475156203
500		R	2.044718466746546	0.9919666765843499
501		C	0.14322515658234103	0.9988098780124963
502		K	0.7576263410858264	0.9976197560249925
503		R	0.007835409077576032	0.9991074085093722
504		R	0.4179481959690129	0.9985123475156203
505		V	0.11714378956279395	0.9988098780124963
518		V	0.06175403139071288	0.9991074085093722
519		F	1.0060610865216288	0.9991074085093722
520		L	0.8448793918154197	0.9988098780124963
521		G	0.031806316814324734	0.9988098780124963
522		F	0.17497189327789542	0.9982148170187444
523		L	0.01447912085280814	0.9991074085093722
524		G	0.19771786293348767	0.9988098780124963
525		A	0.40414804243584973	0.9982148170187444
526		A	0.027888534780294304	0.9988098780124963
527		G	0.02461544820741676	0.9979172865218685
528		S	0.026144497869321888	0.9982148170187444
529		T	0.050414489086615805	0.9973222255281167
530		M	0.02398311818352571	0.9982148170187444
531		G	0.02209451397984204	0.9988098780124963
532		A	0.04266665008776009	0.9976197560249925
533		A	0.10306866471929506	0.9988098780124963
534		S	0.19870344322195369	0.9982148170187444
535		M	1.8777521067696252	0.9973222255281167
536		T	0.5053386391435343	0.9988098780124963
537		L	0.022088702768361276	0.9991074085093722
538		T	0.05596572809549085	0.9994049390062482
539		V	0.35215263507636047	0.9985123475156203
540		Q	0.07343727762631909	0.9991074085093722
541		A	0.3632975474761372	0.9985123475156203
542		R	0.19042151918495664	0.9994049390062482
543		N	1.0159767864502858	0.9985123475156203
544		L	0.31083614520883435	0.9994049390062482
545		L	0.2117989142951422	0.9994049390062482
546		S	0.33211090697748735	0.9994049390062482
547		G	0.07920180241373415	0.999702469503124
568		L	0.0188762306604249	0.999702469503124
569		T	0.07933815934953484	0.999702469503124
570		V	0.0734340847539482	0.9994049390062482
571		W	0.003916730083100111	0.9994049390062482
572		G	0.003916730083100111	0.9994049390062482
573		I	0.10311247003497637	0.999702469503124
574		K	0.0569347807315204	0.999702469503124
575		Q	0.0072379169601084915	0.9994049390062482
576		L	0.022301758935522206	0.999702469503124
577		Q	0.11222191713390912	0.9985123475156203
578		A	0.5010714559260737	0.9991074085093722
579		R	0.05155854783655549	0.999702469503124
580		V	0.5958353447478614	0.9973222255281167
581		L	0.018981944333171314	0.999702469503124
582		A	0.07575796826406843	0.9994049390062482
583		V	1.15161756740844	0.9985123475156203
584		E	0.024443727710650533	0.9991074085093722
585		R	0.33530345534512446	0.999702469503124
586		Y	0.11868647070990285	0.9991074085093722
587		L	0.0491078813044836	0.999702469503124
588		R	1.4999647356250707	0.9973222255281167
589		D	0.10512478554317332	0.999702469503124
590		Q	0.04139151566844349	0.9991074085093722
591		Q	0.5859077449549471	0.999702469503124
592		L	0.6385782247780146	0.9994049390062482
593		L	0.05614560012258093	0.9994049390062482
594		G	0.08770407435047804	0.9994049390062482
595		I	0.9651799321252601	0.9988098780124963
596		W	0.01425805198807069	0.9988098780124963
597		G	0.003916730083100111	0.9994049390062482
598		C	0.031440527485067295	0.999702469503124
599		S	0.09505629603912627	0.999702469503124
600		G	0.050901813561931956	0.9991074085093722
601		K	0.25543401625289003	0.9994049390062482
602		L	1.016152470360346	0.9985123475156203
603		I	0.07508378766224827	0.9994049390062482
604		C	0.010334240109994161	0.9994049390062482
605		C	0.4198416251188218	0.999702469503124
606		T	0.011151455035564355	0.999702469503124
607		N	1.9094785765024498	0.9964296340374889
608		V	0.027533029621713223	0.9994049390062482
609		P	0.2151238378828492	0.9994049390062482
610		W	0.011174990171072688	0.9973222255281167
611		N	0.03765873646906322	0.9979172865218685
612		S	2.088031897566713	0.9904790240999702
613		S	0.5470479013164512	0.9973222255281167
614		W	0.003924011412304316	0.9973222255281167
615		S	0.18203562516242652	0.9982148170187444
616		N	0.21640539752424515	0.9964296340374889
617		R	0.6850932060113506	0.9943469205593574
618		N	0.9549926750442075	0.9961321035406129
619		L	2.2963540814775523	0.9916691460874739
620		S	2.7606232040135907	0.9922642070812259
621		E	2.446602381249121	0.9946444510562332
622		I	0.035401344665466294	0.9982148170187444
623		W	0.031243156653638585	0.9976197560249925
624		D	2.204386565216955	0.9878012496280869
625		N	0.2929071949887375	0.9967271645343647
626		M	0.30518381469597794	0.9964296340374889
627		T	0.019007029096825907	0.9982148170187444
628		W	0.011172042539127158	0.9976197560249925
629		L	1.4426003551923334	0.9964296340374889
630		Q	1.2266400048831128	0.995834573043737
631		W	0.011771648882289872	0.9973222255281167
632		D	0.9962442803952686	0.9976197560249925
633		K	1.077981611146441	0.9946444510562332
634		E	0.1726645528342994	0.9967271645343647
635		I	0.2308547082385761	0.9970246950312407
636		S	1.9686093714398702	0.9964296340374889
637		N	0.3372538998524935	0.9964296340374889
638		Y	0.18451184542048557	0.9973222255281167
639		T	0.33912584941760726	0.9964296340374889
640		Q	2.8042546468798917	0.9895864326093424
641		I	2.57502952692965	0.9946444510562332
642		I	0.06408874117755257	0.9973222255281167
643		Y	0.1507283132434917	0.995834573043737
644		G	2.9459246729599426	0.9916691460874739
645		L	0.45774196728783373	0.9961321035406129
646		L	1.0261981400211266	0.9973222255281167
647		E	0.8463339713703486	0.9967271645343647
648		E	1.8490971865828392	0.9928592680749777
649		S	0.3505180653815537	0.9973222255281167
650		Q	0.0562677094547691	0.9967271645343647
651		N	1.4163720628512773	0.9949419815531092
652		Q	0.05390018004936453	0.9970246950312407
653		Q	0.03150631832251909	0.9973222255281167
654		E	0.5043905365608042	0.9970246950312407
655		K	1.2292724466498763	0.9949419815531092
656		N	0.027576137001634915	0.9976197560249925
657		E	0.04323433004039199	0.9976197560249925
658		Q	1.2574578126434162	0.9964296340374889
659		D	1.1280597514415478	0.9946444510562332
660		L	0.003924011412304316	0.9973222255281167
661		L	0.03401951278296619	0.9970246950312407
662		A	1.345743839215399	0.9907765545968462
663		L	0.01633276774893347	0.9848259446593276
