id	state	arm	score	heavy_atoms	wall_s	peak_rss_mb	exhaustiveness	seed
C0001	S4_cd4_cladeCRF	glycan_free	-8.377	24	20.45	444.1	6	42
C0003	S4_cd4_cladeCRF	glycan_free	-6.225	21	22.46	413.0	6	42
C0002	S4_cd4_cladeCRF	glycan_free	-5.405	26	25.47	470.9	6	42
C0004	S4_cd4_cladeCRF	glycan_free	-6.045	24	35.69	461.9	6	42
C0005	S4_cd4_cladeCRF	glycan_free	-6.957	22	43.12	436.1	6	42
C0006	S4_cd4_cladeCRF	glycan_free	-7.726	22	21.66	422.0	6	42
C0007	S4_cd4_cladeCRF	glycan_free	-7.909	24	19.26	444.1	6	42
C0008	S4_cd4_cladeCRF	glycan_free	-6.685	21	21.05	415.8	6	42
C0009	S4_cd4_cladeCRF	glycan_free	-7.965	21	15.66	421.9	6	42
C0010	S4_cd4_cladeCRF	glycan_free	-8.233	22	20.26	437.0	6	42
C0011	S4_cd4_cladeCRF	glycan_free	-7.394	23	21.07	445.0	6	42
C0012	S4_cd4_cladeCRF	glycan_free	-7.82	23	18.46	445.0	6	42
C0014	S4_cd4_cladeCRF	glycan_free	-7.709	24	28.48	428.4	6	42
C0013	S4_cd4_cladeCRF	glycan_free	-8.038	28	46.52	480.1	6	42
C0015	S4_cd4_cladeCRF	glycan_free	-7.428	21	13.04	407.1	6	42
C0017	S4_cd4_cladeCRF	glycan_free	-8.766	26	23.06	461.9	6	42
C0016	S4_cd4_cladeCRF	glycan_free	-7.217	29	54.94	501.4	6	42
C0018	S4_cd4_cladeCRF	glycan_free	-6.328	24	24.87	437.0	6	42
C0019	S4_cd4_cladeCRF	glycan_free	-5.224	31	51.34	498.5	6	42
C0020	S4_cd4_cladeCRF	glycan_free	-7.976	30	60.78	499.5	6	42
C0021	S4_cd4_cladeCRF	glycan_free	-7.748	22	22.46	429.3	6	42
C0022	S4_cd4_cladeCRF	glycan_free	-4.689	31	67.2	499.5	6	42
C0024	S4_cd4_cladeCRF	glycan_free	-8.368	23	19.86	445.0	6	42
C0025	S4_cd4_cladeCRF	glycan_free	-7.795	25	35.71	453.3	6	42
C0026	S4_cd4_cladeCRF	glycan_free	-7.277	24	23.87	426.5	6	42
C0027	S4_cd4_cladeCRF	glycan_free	-6.308	26	35.9	461.9	6	42
C0023	S4_cd4_cladeCRF	glycan_free	-5.046	40	211.54	627.2	6	42
C0028	S4_cd4_cladeCRF	glycan_free	-5.421	25	43.91	436.1	6	42
C0030	S4_cd4_cladeCRF	glycan_free	-7.57	20	18.05	408.1	6	42
C0031	S4_cd4_cladeCRF	glycan_free	-7.424	31	56.94	499.5	6	42
C0032	S4_cd4_cladeCRF	glycan_free	-8.465	24	21.86	449.5	6	42
C0033	S4_cd4_cladeCRF	glycan_free	-6.617	24	74.19	480.1	6	42
C0034	S4_cd4_cladeCRF	glycan_free	-6.381	23	16.65	461.0	6	42
C0035	S4_cd4_cladeCRF	glycan_free	-7.642	21	18.66	429.3	6	42
C0037	S4_cd4_cladeCRF	glycan_free	-7.403	21	13.05	413.9	6	42
C0038	S4_cd4_cladeCRF	glycan_free	-5.394	33	76.01	555.3	6	42
C0029	S4_cd4_cladeCRF	glycan_free	-3.087	43	302.38	729.5	6	42
C0040	S4_cd4_cladeCRF	glycan_free	-8.629	25	24.47	453.3	6	42
C0041	S4_cd4_cladeCRF	glycan_free	-6.813	21	17.05	406.2	6	42
C0042	S4_cd4_cladeCRF	glycan_free	-5.833	24	16.45	460.0	6	42
C0043	S4_cd4_cladeCRF	glycan_free	-7.401	23	24.47	436.1	6	42
C0044	S4_cd4_cladeCRF	glycan_free	-7.546	30	51.34	510.6	6	42
C0045	S4_cd4_cladeCRF	glycan_free	-6.216	23	8.83	445.9	6	42
C0039	S4_cd4_cladeCRF	glycan_free	-5.884	37	152.26	641.7	6	42
C0046	S4_cd4_cladeCRF	glycan_free	-5.727	23	20.45	421.0	6	42
C0048	S4_cd4_cladeCRF	glycan_free	-6.704	25	7.03	435.1	6	42
C0047	S4_cd4_cladeCRF	glycan_free	-8.534	25	27.07	461.9	6	42
C0050	S4_cd4_cladeCRF	glycan_free	-8.439	23	18.66	445.0	6	42
C0049	S4_cd4_cladeCRF	glycan_free	-5.192	30	28.29	427.7	6	42
C0052	S4_cd4_cladeCRF	glycan_free	-7.81	23	16.45	419.1	6	42
C0051	S4_cd4_cladeCRF	glycan_free	-6.064	27	29.88	480.1	6	42
C0054	S4_cd4_cladeCRF	glycan_free	-5.096	21	22.66	413.0	6	42
C0055	S4_cd4_cladeCRF	glycan_free	-7.524	23	21.86	445.0	6	42
C0053	S4_cd4_cladeCRF	glycan_free	-6.413	40	94.26	601.1	6	42
C0057	S4_cd4_cladeCRF	glycan_free	-6.608	22	24.06	413.0	6	42
C0058	S4_cd4_cladeCRF	glycan_free	-7.227	23	20.26	419.1	6	42
C0059	S4_cd4_cladeCRF	glycan_free	-7.084	20	14.04	408.1	6	42
C0056	S4_cd4_cladeCRF	glycan_free	-7.193	32	111.31	507.8	6	42
C0060	S4_cd4_cladeCRF	glycan_free	-7.539	23	26.27	437.0	6	42
C0062	S4_cd4_cladeCRF	glycan_free	-7.763	20	14.44	400.7	6	42
C0063	S4_cd4_cladeCRF	glycan_free	-5.798	24	30.48	436.1	6	42
C0064	S4_cd4_cladeCRF	glycan_free	-6.662	24	8.63	444.1	6	42
C0065	S4_cd4_cladeCRF	glycan_free	-5.776	22	14.44	428.4	6	42
C0066	S4_cd4_cladeCRF	glycan_free	-7.391	26	41.71	462.0	6	42
C0067	S4_cd4_cladeCRF	glycan_free	-8.072	21	14.45	415.8	6	42
C0068	S4_cd4_cladeCRF	glycan_free	-7.054	26	34.49	460.1	6	42
C0069	S4_cd4_cladeCRF	glycan_free	-8.091	24	19.88	445.0	6	42
C0070	S4_cd4_cladeCRF	glycan_free	-9.148	31	55.15	532.8	6	42
C0061	S4_cd4_cladeCRF	glycan_free	-5.925	40	246.28	628.2	6	42
C0072	S4_cd4_cladeCRF	glycan_free	-6.696	23	24.87	427.2	6	42
C0071	S4_cd4_cladeCRF	glycan_free	-4.893	24	38.5	435.2	6	42
C0073	S4_cd4_cladeCRF	glycan_free	-6.828	22	22.66	421.9	6	42
C0074	S4_cd4_cladeCRF	glycan_free	-8.044	23	28.27	463.8	6	42
C0075	S4_cd4_cladeCRF	glycan_free	-7.551	23	23.87	437.0	6	42
C0076	S4_cd4_cladeCRF	glycan_free	-5.546	30	55.34	499.5	6	42
C0077	S4_cd4_cladeCRF	glycan_free	-4.057	27	57.35	435.6	6	42
C0079	S4_cd4_cladeCRF	glycan_free	-6.091	22	19.05	430.3	6	42
C0080	S4_cd4_cladeCRF	glycan_free	-5.941	22	22.47	429.3	6	42
C0081	S4_cd4_cladeCRF	glycan_free	-6.259	27	33.55	450.5	6	42
C0078	S4_cd4_cladeCRF	glycan_free	-5.701	35	126.43	542.9	6	42
C0082	S4_cd4_cladeCRF	glycan_free	-7.207	28	59.36	470.9	6	42
C0084	S4_cd4_cladeCRF	glycan_free	-8.136	21	19.48	429.3	6	42
C0083	S4_cd4_cladeCRF	glycan_free	-7.827	29	61.96	401.9	6	42
C0085	S4_cd4_cladeCRF	glycan_free	-7.322	23	27.88	437.0	6	42
C0086	S4_cd4_cladeCRF	glycan_free	-7.414	29	38.1	480.1	6	42
C0087	S4_cd4_cladeCRF	glycan_free	-6.173	27	56.56	454.6	6	42
C0088	S4_cd4_cladeCRF	glycan_free	-7.481	23	25.88	437.0	6	42
C0091	S4_cd4_cladeCRF	glycan_free	-5.717	26	30.69	444.1	6	42
C0090	S4_cd4_cladeCRF	glycan_free	-6.464	24	40.13	446.0	6	42
C0093	S4_cd4_cladeCRF	glycan_free	-7.454	24	35.91	456.0	6	42
C0092	S4_cd4_cladeCRF	glycan_free	-6.907	33	76.21	532.8	6	42
C0095	S4_cd4_cladeCRF	glycan_free	-6.273	20	19.06	421.0	6	42
C0096	S4_cd4_cladeCRF	glycan_free	-7.503	24	23.28	453.3	6	42
C0097	S4_cd4_cladeCRF	glycan_free	-8.127	25	27.68	453.3	6	42
C0098	S4_cd4_cladeCRF	glycan_free	-6.939	30	83.64	506.9	6	42
C0099	S4_cd4_cladeCRF	glycan_free	-7.6	24	26.27	452.4	6	42
C0094	S4_cd4_cladeCRF	glycan_free	-7.618	42	218.39	777.5	6	42
C0100	S4_cd4_cladeCRF	glycan_free	-7.857	29	36.7	479.1	6	42
C0101	S4_cd4_cladeCRF	glycan_free	-6.935	35	63.37	541.0	6	42
C0102	S4_cd4_cladeCRF	glycan_free	-8.072	28	47.53	436.0	6	42
C0103	S4_cd4_cladeCRF	glycan_free	-9.023	24	20.46	453.3	6	42
C0105	S4_cd4_cladeCRF	glycan_free	-8.003	23	17.46	445.0	6	42
C0104	S4_cd4_cladeCRF	glycan_free	-5.654	24	23.67	454.3	6	42
C0107	S4_cd4_cladeCRF	glycan_free	-7.66	23	27.28	421.9	6	42
C0108	S4_cd4_cladeCRF	glycan_free	-7.962	23	18.85	444.1	6	42
C0109	S4_cd4_cladeCRF	glycan_free	-5.274	25	40.71	435.2	6	42
C0110	S4_cd4_cladeCRF	glycan_free	-7.61	21	13.86	407.2	6	42
C0111	S4_cd4_cladeCRF	glycan_free	-7.803	24	20.86	435.1	6	42
C0112	S4_cd4_cladeCRF	glycan_free	-6.773	23	24.48	437.1	6	42
C0113	S4_cd4_cladeCRF	glycan_free	-7.107	24	21.66	427.4	6	42
C0114	S4_cd4_cladeCRF	glycan_free	-7.323	23	30.49	427.5	6	42
C0115	S4_cd4_cladeCRF	glycan_free	-5.772	34	59.15	529.0	6	42
C0116	S4_cd4_cladeCRF	glycan_free	-8.548	24	21.06	453.3	6	42
C0117	S4_cd4_cladeCRF	glycan_free	-8.045	30	51.33	480.3	6	42
C0106	S4_cd4_cladeCRF	glycan_free	-6.182	46	341.91	1013.2	6	42
C0119	S4_cd4_cladeCRF	glycan_free	-8.555	23	18.45	445.0	6	42
C0118	S4_cd4_cladeCRF	glycan_free	-5.745	30	53.77	487.7	6	42
C0120	S4_cd4_cladeCRF	glycan_free	-6.621	23	38.11	419.1	6	42
C0121	S4_cd4_cladeCRF	glycan_free	-7.684	23	24.67	454.3	6	42
C0122	S4_cd4_cladeCRF	glycan_free	-4.964	24	24.67	462.9	6	42
C0123	S4_cd4_cladeCRF	glycan_free	-7.619	21	16.45	414.9	6	42
C0124	S4_cd4_cladeCRF	glycan_free	-7.852	24	30.08	444.9	6	42
C0125	S4_cd4_cladeCRF	glycan_free	-8.422	23	24.26	427.5	6	42
C0126	S4_cd4_cladeCRF	glycan_free	-6.152	25	21.46	435.1	6	42
C0127	S4_cd4_cladeCRF	glycan_free	-8.053	25	27.68	461.9	6	42
C0129	S4_cd4_cladeCRF	glycan_free	-7.264	21	21.05	421.0	6	42
C0128	S4_cd4_cladeCRF	glycan_free	-7.332	26	29.08	461.9	6	42
C0131	S4_cd4_cladeCRF	glycan_free	-6.869	21	19.86	405.3	6	42
C0130	S4_cd4_cladeCRF	glycan_free	-7.099	24	33.29	435.2	6	42
C0132	S4_cd4_cladeCRF	glycan_free	-7.064	22	23.06	421.9	6	42
C0133	S4_cd4_cladeCRF	glycan_free	-6.233	23	26.08	420.1	6	42
C0134	S4_cd4_cladeCRF	glycan_free	6.817	23	17.26	421.0	6	42
C0136	S4_cd4_cladeCRF	glycan_free	-8.279	22	17.85	437.0	6	42
C0135	S4_cd4_cladeCRF	glycan_free	-7.723	23	20.66	445.0	6	42
C0137	S4_cd4_cladeCRF	glycan_free	-6.046	24	12.64	427.4	6	42
C0139	S4_cd4_cladeCRF	glycan_free	-7.993	24	25.68	443.1	6	42
C0138	S4_cd4_cladeCRF	glycan_free	-7.721	37	68.59	588.5	6	42
C0140	S4_cd4_cladeCRF	glycan_free	-5.262	26	53.75	499.5	6	42
C0142	S4_cd4_cladeCRF	glycan_free	-8.056	23	19.06	445.0	6	42
C0141	S4_cd4_cladeCRF	glycan_free	-7.073	30	51.94	508.7	6	42
C0143	S4_cd4_cladeCRF	glycan_free	-7.957	23	22.86	445.0	6	42
C0144	S4_cd4_cladeCRF	glycan_free	-5.596	24	31.89	452.4	6	42
C0146	S4_cd4_cladeCRF	glycan_free	-6.201	24	11.64	425.5	6	42
C0145	S4_cd4_cladeCRF	glycan_free	-7.591	23	33.89	459.1	6	42
C0147	S4_cd4_cladeCRF	glycan_free	-7.216	24	33.49	461.9	6	42
C0148	S4_cd4_cladeCRF	glycan_free	-8.189	28	52.34	511.6	6	42
C0150	S4_cd4_cladeCRF	glycan_free	-7.92	27	26.28	469.0	6	42
C0149	S4_cd4_cladeCRF	glycan_free	-8.702	30	63.58	532.8	6	42
C0151	S4_cd4_cladeCRF	glycan_free	-9.217	26	28.3	456.9	6	42
C0152	S4_cd4_cladeCRF	glycan_free	-6.189	22	21.87	421.9	6	42
C0153	S4_cd4_cladeCRF	glycan_free	-7.524	22	22.87	429.3	6	42
C0154	S4_cd4_cladeCRF	glycan_free	-6.292	33	76.61	525.6	6	42
C0155	S4_cd4_cladeCRF	glycan_free	-4.822	29	72.99	469.0	6	42
C0156	S4_cd4_cladeCRF	glycan_free	-8.282	26	41.31	453.3	6	42
C0158	S4_cd4_cladeCRF	glycan_free	-7.835	23	20.05	445.0	6	42
C0159	S4_cd4_cladeCRF	glycan_free	-7.579	23	18.86	445.0	6	42
C0157	S4_cd4_cladeCRF	glycan_free	-5.934	36	92.84	553.4	6	42
C0161	S4_cd4_cladeCRF	glycan_free	-5.823	23	25.27	437.0	6	42
C0160	S4_cd4_cladeCRF	glycan_free	-6.363	30	47.93	499.5	6	42
C0162	S4_cd4_cladeCRF	glycan_free	-7.717	21	16.25	421.9	6	42
C0164	S4_cd4_cladeCRF	glycan_free	-7.103	24	22.67	437.0	6	42
C0165	S4_cd4_cladeCRF	glycan_free	-7.509	23	23.48	437.0	6	42
C0163	S4_cd4_cladeCRF	glycan_free	-5.337	24	70.78	442.9	6	42
C0167	S4_cd4_cladeCRF	glycan_free	-7.082	23	22.66	427.5	6	42
C0168	S4_cd4_cladeCRF	glycan_free	-7.427	20	12.04	407.1	6	42
C0001	S4_cd4_cladeCRF	glycosylated	-8.377	24	19.06	389.6	6	42
C0166	S4_cd4_cladeCRF	glycan_free	-4.749	24	63.17	443.2	6	42
C0003	S4_cd4_cladeCRF	glycosylated	-6.225	21	21.26	413.0	6	42
C0002	S4_cd4_cladeCRF	glycosylated	-5.405	26	24.27	470.9	6	42
C0004	S4_cd4_cladeCRF	glycosylated	-6.045	24	34.91	461.9	6	42
C0005	S4_cd4_cladeCRF	glycosylated	-6.957	22	41.93	436.1	6	42
C0006	S4_cd4_cladeCRF	glycosylated	-7.726	22	22.07	422.0	6	42
C0007	S4_cd4_cladeCRF	glycosylated	-7.909	24	20.45	444.1	6	42
C0008	S4_cd4_cladeCRF	glycosylated	-6.685	21	22.07	415.8	6	42
C0009	S4_cd4_cladeCRF	glycosylated	-7.965	21	16.05	421.9	6	42
C0010	S4_cd4_cladeCRF	glycosylated	-8.233	22	19.65	437.0	6	42
C0011	S4_cd4_cladeCRF	glycosylated	-7.394	23	20.25	445.0	6	42
C0012	S4_cd4_cladeCRF	glycosylated	-7.82	23	17.44	445.0	6	42
C0014	S4_cd4_cladeCRF	glycosylated	-7.709	24	27.88	428.4	6	42
C0013	S4_cd4_cladeCRF	glycosylated	-8.038	28	45.53	429.5	6	42
C0015	S4_cd4_cladeCRF	glycosylated	-7.428	21	13.04	405.3	6	42
C0017	S4_cd4_cladeCRF	glycosylated	-8.766	26	23.67	461.9	6	42
C0016	S4_cd4_cladeCRF	glycosylated	-7.217	29	55.54	501.4	6	42
C0018	S4_cd4_cladeCRF	glycosylated	-6.328	24	24.46	437.0	6	42
C0019	S4_cd4_cladeCRF	glycosylated	-5.224	31	49.53	498.5	6	42
C0020	S4_cd4_cladeCRF	glycosylated	-7.976	30	59.56	499.5	6	42
C0021	S4_cd4_cladeCRF	glycosylated	-7.748	22	22.07	429.3	6	42
C0022	S4_cd4_cladeCRF	glycosylated	-4.689	31	65.76	499.5	6	42
C0024	S4_cd4_cladeCRF	glycosylated	-8.368	23	20.86	445.0	6	42
C0025	S4_cd4_cladeCRF	glycosylated	-7.795	25	35.29	441.4	6	42
C0026	S4_cd4_cladeCRF	glycosylated	-7.277	24	22.47	426.5	6	42
C0027	S4_cd4_cladeCRF	glycosylated	-6.308	26	37.11	461.9	6	42
C0023	S4_cd4_cladeCRF	glycosylated	-5.046	40	212.17	627.2	6	42
C0028	S4_cd4_cladeCRF	glycosylated	-5.421	25	43.32	436.1	6	42
C0030	S4_cd4_cladeCRF	glycosylated	-7.57	20	17.86	408.1	6	42
C0031	S4_cd4_cladeCRF	glycosylated	-7.424	31	55.76	499.5	6	42
C0032	S4_cd4_cladeCRF	glycosylated	-8.465	24	21.68	453.3	6	42
C0033	S4_cd4_cladeCRF	glycosylated	-6.617	24	71.19	480.1	6	42
C0034	S4_cd4_cladeCRF	glycosylated	-6.381	23	16.64	461.0	6	42
C0035	S4_cd4_cladeCRF	glycosylated	-7.642	21	17.85	429.3	6	42
C0037	S4_cd4_cladeCRF	glycosylated	-7.403	21	13.64	413.9	6	42
C0038	S4_cd4_cladeCRF	glycosylated	-5.394	33	78.21	555.3	6	42
C0029	S4_cd4_cladeCRF	glycosylated	-3.087	43	304.38	729.5	6	42
C0040	S4_cd4_cladeCRF	glycosylated	-8.629	25	23.07	453.3	6	42
C0041	S4_cd4_cladeCRF	glycosylated	-6.813	21	17.65	406.2	6	42
C0042	S4_cd4_cladeCRF	glycosylated	-5.833	24	16.85	462.3	6	42
C0043	S4_cd4_cladeCRF	glycosylated	-7.401	23	22.86	436.1	6	42
C0044	S4_cd4_cladeCRF	glycosylated	-7.546	30	49.74	510.6	6	42
C0039	S4_cd4_cladeCRF	glycosylated	-5.884	37	140.57	641.7	6	42
C0045	S4_cd4_cladeCRF	glycosylated	-6.216	23	8.62	445.9	6	42
C0046	S4_cd4_cladeCRF	glycosylated	-5.727	23	21.26	421.0	6	42
C0048	S4_cd4_cladeCRF	glycosylated	-6.704	25	7.62	435.1	6	42
C0047	S4_cd4_cladeCRF	glycosylated	-8.534	25	28.68	461.9	6	42
C0050	S4_cd4_cladeCRF	glycosylated	-8.439	23	17.44	445.0	6	42
C0049	S4_cd4_cladeCRF	glycosylated	-5.192	30	26.68	406.5	6	42
C0052	S4_cd4_cladeCRF	glycosylated	-7.81	23	15.65	419.1	6	42
C0051	S4_cd4_cladeCRF	glycosylated	-6.064	27	28.28	480.1	6	42
C0054	S4_cd4_cladeCRF	glycosylated	-5.096	21	23.87	413.0	6	42
C0055	S4_cd4_cladeCRF	glycosylated	-7.524	23	20.85	445.0	6	42
C0053	S4_cd4_cladeCRF	glycosylated	-6.413	40	92.83	601.1	6	42
C0057	S4_cd4_cladeCRF	glycosylated	-6.608	22	23.26	413.0	6	42
C0058	S4_cd4_cladeCRF	glycosylated	-7.227	23	20.47	419.1	6	42
C0059	S4_cd4_cladeCRF	glycosylated	-7.084	20	13.85	408.1	6	42
C0056	S4_cd4_cladeCRF	glycosylated	-7.193	32	107.87	507.8	6	42
C0060	S4_cd4_cladeCRF	glycosylated	-7.539	23	24.67	437.0	6	42
C0062	S4_cd4_cladeCRF	glycosylated	-7.763	20	13.84	400.7	6	42
C0063	S4_cd4_cladeCRF	glycosylated	-5.798	24	29.28	436.1	6	42
C0064	S4_cd4_cladeCRF	glycosylated	-6.662	24	8.83	444.1	6	42
C0065	S4_cd4_cladeCRF	glycosylated	-5.776	22	14.04	428.4	6	42
C0066	S4_cd4_cladeCRF	glycosylated	-7.391	26	41.11	462.0	6	42
C0067	S4_cd4_cladeCRF	glycosylated	-8.072	21	14.25	415.8	6	42
C0068	S4_cd4_cladeCRF	glycosylated	-7.054	26	34.31	460.1	6	42
C0069	S4_cd4_cladeCRF	glycosylated	-8.091	24	19.86	445.0	6	42
C0061	S4_cd4_cladeCRF	glycosylated	-5.925	40	245.82	628.2	6	42
C0070	S4_cd4_cladeCRF	glycosylated	-9.148	31	57.35	532.8	6	42
C0072	S4_cd4_cladeCRF	glycosylated	-6.696	23	25.27	429.3	6	42
C0071	S4_cd4_cladeCRF	glycosylated	-4.893	24	37.3	435.2	6	42
C0073	S4_cd4_cladeCRF	glycosylated	-6.828	22	21.66	421.9	6	42
C0074	S4_cd4_cladeCRF	glycosylated	-8.044	23	28.08	471.9	6	42
C0075	S4_cd4_cladeCRF	glycosylated	-7.551	23	23.66	437.0	6	42
C0076	S4_cd4_cladeCRF	glycosylated	-5.546	30	55.55	499.5	6	42
C0077	S4_cd4_cladeCRF	glycosylated	-4.057	27	57.55	436.1	6	42
C0079	S4_cd4_cladeCRF	glycosylated	-6.091	22	19.25	430.3	6	42
C0080	S4_cd4_cladeCRF	glycosylated	-5.941	22	21.46	429.3	6	42
C0081	S4_cd4_cladeCRF	glycosylated	-6.259	27	31.1	450.5	6	42
C0078	S4_cd4_cladeCRF	glycosylated	-5.701	35	122.52	542.9	6	42
C0082	S4_cd4_cladeCRF	glycosylated	-7.207	28	59.97	470.9	6	42
C0084	S4_cd4_cladeCRF	glycosylated	-8.136	21	21.06	429.3	6	42
C0083	S4_cd4_cladeCRF	glycosylated	-7.827	29	63.57	344.7	6	42
C0085	S4_cd4_cladeCRF	glycosylated	-7.322	23	27.67	437.0	6	42
C0086	S4_cd4_cladeCRF	glycosylated	-7.414	29	37.3	480.1	6	42
C0087	S4_cd4_cladeCRF	glycosylated	-6.173	27	55.57	461.0	6	42
C0088	S4_cd4_cladeCRF	glycosylated	-7.481	23	25.27	437.0	6	42
C0091	S4_cd4_cladeCRF	glycosylated	-5.717	26	32.09	444.1	6	42
C0090	S4_cd4_cladeCRF	glycosylated	-6.464	24	41.52	446.0	6	42
C0093	S4_cd4_cladeCRF	glycosylated	-7.454	24	39.51	454.3	6	42
C0092	S4_cd4_cladeCRF	glycosylated	-6.907	33	80.22	532.8	6	42
C0095	S4_cd4_cladeCRF	glycosylated	-6.273	20	18.85	421.0	6	42
C0096	S4_cd4_cladeCRF	glycosylated	-7.503	24	23.86	453.3	6	42
C0097	S4_cd4_cladeCRF	glycosylated	-8.127	25	30.89	453.3	6	42
C0098	S4_cd4_cladeCRF	glycosylated	-6.939	30	78.21	506.9	6	42
C0099	S4_cd4_cladeCRF	glycosylated	-7.6	24	26.48	452.1	6	42
C0094	S4_cd4_cladeCRF	glycosylated	-7.618	42	226.4	777.5	6	42
C0100	S4_cd4_cladeCRF	glycosylated	-7.857	29	35.71	420.0	6	42
C0101	S4_cd4_cladeCRF	glycosylated	-6.935	35	64.78	541.0	6	42
C0102	S4_cd4_cladeCRF	glycosylated	-8.072	28	52.34	480.1	6	42
C0103	S4_cd4_cladeCRF	glycosylated	-9.023	24	22.66	453.3	6	42
C0104	S4_cd4_cladeCRF	glycosylated	-5.654	24	24.48	454.3	6	42
C0105	S4_cd4_cladeCRF	glycosylated	-8.003	23	17.85	445.0	6	42
C0107	S4_cd4_cladeCRF	glycosylated	-7.66	23	28.28	421.9	6	42
C0108	S4_cd4_cladeCRF	glycosylated	-7.962	23	20.06	444.1	6	42
C0109	S4_cd4_cladeCRF	glycosylated	-5.274	25	44.54	435.2	6	42
C0110	S4_cd4_cladeCRF	glycosylated	-7.61	21	15.65	407.2	6	42
C0111	S4_cd4_cladeCRF	glycosylated	-7.803	24	22.06	435.1	6	42
C0112	S4_cd4_cladeCRF	glycosylated	-6.773	23	25.07	437.0	6	42
C0113	S4_cd4_cladeCRF	glycosylated	-7.107	24	23.27	427.4	6	42
C0114	S4_cd4_cladeCRF	glycosylated	-7.323	23	31.89	427.5	6	42
C0115	S4_cd4_cladeCRF	glycosylated	-5.772	34	63.78	528.9	6	42
C0116	S4_cd4_cladeCRF	glycosylated	-8.548	24	24.09	453.3	6	42
C0117	S4_cd4_cladeCRF	glycosylated	-8.045	30	54.95	488.7	6	42
C0106	S4_cd4_cladeCRF	glycosylated	-6.182	46	365.41	1052.5	6	42
C0119	S4_cd4_cladeCRF	glycosylated	-8.555	23	18.45	445.0	6	42
C0118	S4_cd4_cladeCRF	glycosylated	-5.745	30	58.96	487.7	6	42
C0120	S4_cd4_cladeCRF	glycosylated	-6.621	23	44.31	419.1	6	42
C0121	S4_cd4_cladeCRF	glycosylated	-7.684	23	27.87	454.3	6	42
C0122	S4_cd4_cladeCRF	glycosylated	-4.964	24	27.48	462.9	6	42
C0123	S4_cd4_cladeCRF	glycosylated	-7.619	21	18.05	414.9	6	42
C0124	S4_cd4_cladeCRF	glycosylated	-7.852	24	31.48	445.0	6	42
C0125	S4_cd4_cladeCRF	glycosylated	-8.422	23	25.09	427.5	6	42
C0126	S4_cd4_cladeCRF	glycosylated	-6.152	25	23.26	435.1	6	42
C0127	S4_cd4_cladeCRF	glycosylated	-8.053	25	29.68	461.9	6	42
C0129	S4_cd4_cladeCRF	glycosylated	-7.264	21	23.07	421.0	6	42
C0128	S4_cd4_cladeCRF	glycosylated	-7.332	26	32.49	461.9	6	42
C0131	S4_cd4_cladeCRF	glycosylated	-6.869	21	21.08	405.3	6	42
C0130	S4_cd4_cladeCRF	glycosylated	-7.099	24	37.3	435.2	6	42
C0132	S4_cd4_cladeCRF	glycosylated	-7.064	22	26.87	421.9	6	42
C0133	S4_cd4_cladeCRF	glycosylated	-6.233	23	28.88	420.1	6	42
C0134	S4_cd4_cladeCRF	glycosylated	6.817	23	18.66	421.0	6	42
C0136	S4_cd4_cladeCRF	glycosylated	-8.279	22	19.45	437.0	6	42
C0135	S4_cd4_cladeCRF	glycosylated	-7.723	23	22.26	445.0	6	42
C0137	S4_cd4_cladeCRF	glycosylated	-6.046	24	13.44	427.4	6	42
C0139	S4_cd4_cladeCRF	glycosylated	-7.993	24	28.09	443.1	6	42
C0138	S4_cd4_cladeCRF	glycosylated	-7.721	37	77.4	588.5	6	42
C0140	S4_cd4_cladeCRF	glycosylated	-5.262	26	60.37	499.5	6	42
C0142	S4_cd4_cladeCRF	glycosylated	-8.056	23	20.86	445.0	6	42
C0141	S4_cd4_cladeCRF	glycosylated	-7.073	30	56.35	508.7	6	42
C0143	S4_cd4_cladeCRF	glycosylated	-7.957	23	25.27	445.0	6	42
C0144	S4_cd4_cladeCRF	glycosylated	-5.596	24	34.7	452.4	6	42
C0146	S4_cd4_cladeCRF	glycosylated	-6.201	24	12.64	425.5	6	42
C0145	S4_cd4_cladeCRF	glycosylated	-7.591	23	36.9	459.1	6	42
C0147	S4_cd4_cladeCRF	glycosylated	-7.216	24	37.11	461.9	6	42
C0148	S4_cd4_cladeCRF	glycosylated	-8.189	28	56.95	511.6	6	42
C0150	S4_cd4_cladeCRF	glycosylated	-7.92	27	31.09	469.0	6	42
C0149	S4_cd4_cladeCRF	glycosylated	-8.702	30	72.59	532.8	6	42
C0151	S4_cd4_cladeCRF	glycosylated	-9.217	26	32.29	470.9	6	42
C0152	S4_cd4_cladeCRF	glycosylated	-6.189	22	25.67	421.9	6	42
C0153	S4_cd4_cladeCRF	glycosylated	-7.524	22	25.07	429.3	6	42
C0154	S4_cd4_cladeCRF	glycosylated	-6.292	33	87.23	564.1	6	42
C0155	S4_cd4_cladeCRF	glycosylated	-4.822	29	83.01	471.9	6	42
C0156	S4_cd4_cladeCRF	glycosylated	-8.282	26	46.94	453.3	6	42
C0158	S4_cd4_cladeCRF	glycosylated	-7.835	23	23.08	445.0	6	42
C0159	S4_cd4_cladeCRF	glycosylated	-7.579	23	21.86	445.0	6	42
C0157	S4_cd4_cladeCRF	glycosylated	-5.934	36	105.9	553.4	6	42
C0161	S4_cd4_cladeCRF	glycosylated	-5.823	23	29.29	437.0	6	42
C0160	S4_cd4_cladeCRF	glycosylated	-6.363	30	55.76	499.5	6	42
C0162	S4_cd4_cladeCRF	glycosylated	-7.717	21	18.85	422.0	6	42
C0164	S4_cd4_cladeCRF	glycosylated	-7.103	24	25.87	437.0	6	42
C0165	S4_cd4_cladeCRF	glycosylated	-7.509	23	27.47	437.0	6	42
C0163	S4_cd4_cladeCRF	glycosylated	-5.337	24	79.61	443.2	6	42
C0167	S4_cd4_cladeCRF	glycosylated	-7.082	23	29.11	427.5	6	42
C0168	S4_cd4_cladeCRF	glycosylated	-7.427	20	19.77	407.1	6	42
C0166	S4_cd4_cladeCRF	glycosylated	-4.749	24	3284.23	443.1	6	42
C0001	S1_closed_apo	glycan_free	-3.122	24	33.12	444.4	6	42
C0002	S1_closed_apo	glycan_free	-1.784	26	35.31	471.2	6	42
C0003	S1_closed_apo	glycan_free	-2.89	21	30.52	413.3	6	42
C0004	S1_closed_apo	glycan_free	-3.311	24	44.4	462.3	6	42
C0006	S1_closed_apo	glycan_free	-4.57	22	21.09	422.3	6	42
C0005	S1_closed_apo	glycan_free	-5.526	22	42.21	436.4	6	42
C0007	S1_closed_apo	glycan_free	-5.616	24	19.28	425.7	6	42
C0008	S1_closed_apo	glycan_free	-5.094	21	23.34	416.1	6	42
C0009	S1_closed_apo	glycan_free	-5.898	21	17.65	422.3	6	42
C0010	S1_closed_apo	glycan_free	-6.214	22	22.87	438.3	6	42
C0011	S1_closed_apo	glycan_free	-2.168	23	20.21	445.3	6	42
C0012	S1_closed_apo	glycan_free	-4.217	23	22.92	445.3	6	42
C0014	S1_closed_apo	glycan_free	-3.964	24	27.24	428.7	6	42
C0013	S1_closed_apo	glycan_free	-2.191	28	46.1	480.4	6	42
C0015	S1_closed_apo	glycan_free	-2.082	21	14.27	405.6	6	42
C0017	S1_closed_apo	glycan_free	-1.73	26	23.57	462.3	6	42
C0016	S1_closed_apo	glycan_free	-1.117	29	57.5	501.7	6	42
C0018	S1_closed_apo	glycan_free	-2.558	24	25.4	437.4	6	42
C0019	S1_closed_apo	glycan_free	1.403	31	49.12	498.9	6	42
C0020	S1_closed_apo	glycan_free	3.834	30	57.03	499.8	6	42
C0021	S1_closed_apo	glycan_free	-5.622	22	21.46	436.4	6	42
C0022	S1_closed_apo	glycan_free	-0.067	31	350.09	499.8	6	42
C0024	S1_closed_apo	glycan_free	-5.934	23	17.26	445.3	6	42
C0025	S1_closed_apo	glycan_free	-0.985	25	32.09	453.6	6	42
C0026	S1_closed_apo	glycan_free	-2.475	24	19.25	426.8	6	42
C0027	S1_closed_apo	glycan_free	187.907	26	29.28	462.3	6	42
C0028	S1_closed_apo	glycan_free	-4.188	25	109.76	436.4	6	42
C0023	S1_closed_apo	glycan_free	0.963	40	563.86	627.6	6	42
C0030	S1_closed_apo	glycan_free	-5.126	20	50.45	408.4	6	42
C0031	S1_closed_apo	glycan_free	16.318	31	159.48	506.5	6	42
C0032	S1_closed_apo	glycan_free	-1.753	24	56.17	453.6	6	42
C0033	S1_closed_apo	glycan_free	-6.365	24	200.97	480.4	6	42
C0034	S1_closed_apo	glycan_free	-4.878	23	45.9	461.3	6	42
C0035	S1_closed_apo	glycan_free	-5.285	21	29.15	429.6	6	42
C0037	S1_closed_apo	glycan_free	-4.756	21	11.63	291.5	6	42
C0029	S1_closed_apo	glycan_free	1.244	43	624.27	729.8	6	42
C0038	S1_closed_apo	glycan_free	-1.123	33	70.59	555.6	6	42
C0040	S1_closed_apo	glycan_free	8.399	25	19.25	453.6	6	42
C0041	S1_closed_apo	glycan_free	-3.909	21	15.86	330.4	6	42
C0042	S1_closed_apo	glycan_free	1.438	24	15.65	460.4	6	42
C0043	S1_closed_apo	glycan_free	-4.676	23	25.29	436.4	6	42
C0039	S1_closed_apo	glycan_free	-0.647	37	121.32	642.1	6	42
C0045	S1_closed_apo	glycan_free	-5.181	23	9.23	446.3	6	42
C0044	S1_closed_apo	glycan_free	-0.818	30	48.75	510.9	6	42
C0046	S1_closed_apo	glycan_free	-0.691	23	19.68	421.3	6	42
C0048	S1_closed_apo	glycan_free	5.799	25	7.22	435.5	6	42
C0047	S1_closed_apo	glycan_free	-5.868	25	24.07	462.3	6	42
C0049	S1_closed_apo	glycan_free	14.049	30	24.66	467.2	6	42
C0050	S1_closed_apo	glycan_free	13.254	23	17.67	445.3	6	42
C0052	S1_closed_apo	glycan_free	-3.092	23	14.64	419.5	6	42
C0051	S1_closed_apo	glycan_free	-0.663	27	31.08	480.4	6	42
C0054	S1_closed_apo	glycan_free	4.381	21	22.46	413.3	6	42
C0055	S1_closed_apo	glycan_free	-1.437	23	19.46	445.3	6	42
C0053	S1_closed_apo	glycan_free	2.101	40	92.45	601.4	6	42
C0057	S1_closed_apo	glycan_free	-4.336	22	24.68	413.3	6	42
C0058	S1_closed_apo	glycan_free	0.531	23	28.76	419.5	6	42
C0059	S1_closed_apo	glycan_free	-3.996	20	16.04	408.4	6	42
C0056	S1_closed_apo	glycan_free	-2.042	32	107.96	508.1	6	42
C0060	S1_closed_apo	glycan_free	-4.905	23	19.66	437.3	6	42
C0062	S1_closed_apo	glycan_free	-4.463	20	14.44	401.0	6	42
C0063	S1_closed_apo	glycan_free	-2.293	24	23.29	436.4	6	42
C0064	S1_closed_apo	glycan_free	52.25	24	9.23	444.4	6	42
C0065	S1_closed_apo	glycan_free	-2.618	22	17.45	428.7	6	42
C0066	S1_closed_apo	glycan_free	-5.565	26	41.51	462.3	6	42
C0067	S1_closed_apo	glycan_free	-5.873	21	15.65	416.1	6	42
C0068	S1_closed_apo	glycan_free	-4.851	26	36.1	450.0	6	42
C0069	S1_closed_apo	glycan_free	-3.779	24	22.46	445.4	6	42
C0061	S1_closed_apo	glycan_free	3.121	40	226.07	628.5	6	42
C0070	S1_closed_apo	glycan_free	-0.941	31	4364.94	533.1	6	42
C0071	S1_closed_apo	glycan_free	305.148	24	4400.36	435.5	6	42
C0073	S1_closed_apo	glycan_free	-4.021	22	2224.24	422.3	6	42
C0072	S1_closed_apo	glycan_free	-5.141	23	2293.21	429.7	6	42
C0075	S1_closed_apo	glycan_free	-5.184	23	398.9	437.4	6	42
C0074	S1_closed_apo	glycan_free	-4.799	23	402.71	464.2	6	42
C0077	S1_closed_apo	glycan_free	4.572	27	2660.5	479.5	6	42
C0076	S1_closed_apo	glycan_free	-0.208	30	2959.1	499.8	6	42
C0079	S1_closed_apo	glycan_free	-3.81	22	381.64	430.6	6	42
C0080	S1_closed_apo	glycan_free	-4.777	22	414.49	429.6	6	42
C0081	S1_closed_apo	glycan_free	-4.923	27	631.64	450.8	6	42
C0078	S1_closed_apo	glycan_free	8.293	35	2525.67	543.3	6	42
C0082	S1_closed_apo	glycan_free	1.558	28	1295.29	471.2	6	42
C0084	S1_closed_apo	glycan_free	-5.346	21	303.28	429.6	6	42
C0085	S1_closed_apo	glycan_free	-3.699	23	382.25	437.3	6	42
C0083	S1_closed_apo	glycan_free	-1.332	29	1285.16	486.2	6	42
C0086	S1_closed_apo	glycan_free	-4.33	29	664.25	480.4	6	42
C0087	S1_closed_apo	glycan_free	0.138	27	787.94	461.3	6	42
C0088	S1_closed_apo	glycan_free	-4.86	23	397.69	437.4	6	42
C0091	S1_closed_apo	glycan_free	41.384	26	545.0	444.4	6	42
C0090	S1_closed_apo	glycan_free	-4.071	24	715.64	446.3	6	42
C0093	S1_closed_apo	glycan_free	-5.681	24	612.44	454.6	6	42
C0092	S1_closed_apo	glycan_free	-3.736	33	1397.57	533.1	6	42
C0095	S1_closed_apo	glycan_free	-1.487	20	258.37	268.3	6	42
C0096	S1_closed_apo	glycan_free	-2.108	24	341.03	453.6	6	42
C0097	S1_closed_apo	glycan_free	-5.241	25	493.92	453.6	6	42
C0098	S1_closed_apo	glycan_free	-4.366	30	1564.61	507.2	6	42
C0099	S1_closed_apo	glycan_free	-1.647	24	328.76	452.7	6	42
C0100	S1_closed_apo	glycan_free	-2.927	29	427.29	479.5	6	42
C0094	S1_closed_apo	glycan_free	2.731	42	4540.12	834.4	6	42
C0101	S1_closed_apo	glycan_free	3.806	35	425.25	541.3	6	42
C0103	S1_closed_apo	glycan_free	-3.62	24	53.73	453.6	6	42
C0102	S1_closed_apo	glycan_free	-5.926	28	174.35	480.4	6	42
C0104	S1_closed_apo	glycan_free	-1.481	24	54.85	454.6	6	42
C0105	S1_closed_apo	glycan_free	-2.468	23	49.93	445.3	6	42
C0107	S1_closed_apo	glycan_free	-5.187	23	65.38	367.6	6	42
C0108	S1_closed_apo	glycan_free	-4.562	23	48.05	444.4	6	42
C0109	S1_closed_apo	glycan_free	-4.169	25	89.78	435.5	6	42
C0110	S1_closed_apo	glycan_free	-3.281	21	31.14	334.7	6	42
C0111	S1_closed_apo	glycan_free	-5.949	24	51.45	435.5	6	42
C0112	S1_closed_apo	glycan_free	-3.437	23	63.51	437.4	6	42
C0113	S1_closed_apo	glycan_free	-4.332	24	54.44	427.8	6	42
C0114	S1_closed_apo	glycan_free	-5.814	23	75.76	413.5	6	42
C0115	S1_closed_apo	glycan_free	2.118	34	185.95	483.7	6	42
C0116	S1_closed_apo	glycan_free	-1.606	24	55.89	453.6	6	42
C0117	S1_closed_apo	glycan_free	0.869	30	134.55	489.0	6	42
C0106	S1_closed_apo	glycan_free	1.246	46	1031.33	783.4	6	42
C0118	S1_closed_apo	glycan_free	0.321	30	146.89	488.1	6	42
C0119	S1_closed_apo	glycan_free	-4.189	23	45.38	445.3	6	42
C0120	S1_closed_apo	glycan_free	-4.477	23	87.92	419.5	6	42
C0121	S1_closed_apo	glycan_free	-5.294	23	61.87	454.6	6	42
C0122	S1_closed_apo	glycan_free	-1.469	24	49.09	463.2	6	42
C0123	S1_closed_apo	glycan_free	-4.877	21	39.03	333.3	6	42
C0125	S1_closed_apo	glycan_free	-6.227	23	43.19	427.8	6	42
C0124	S1_closed_apo	glycan_free	-4.835	24	71.51	445.4	6	42
C0126	S1_closed_apo	glycan_free	98.431	25	52.42	435.5	6	42
C0127	S1_closed_apo	glycan_free	-2.493	25	64.87	462.3	6	42
C0128	S1_closed_apo	glycan_free	-4.467	26	82.02	462.3	6	42
C0129	S1_closed_apo	glycan_free	-5.508	21	53.53	421.3	6	42
C0131	S1_closed_apo	glycan_free	-4.447	21	43.62	405.6	6	42
C0130	S1_closed_apo	glycan_free	-4.231	24	83.84	435.5	6	42
C0132	S1_closed_apo	glycan_free	-3.604	22	60.32	422.3	6	42
C0133	S1_closed_apo	glycan_free	-4.278	23	62.74	420.4	6	42
C0134	S1_closed_apo	glycan_free	-3.652	23	42.87	421.3	6	42
C0136	S1_closed_apo	glycan_free	-5.807	22	30.59	437.3	6	42
C0135	S1_closed_apo	glycan_free	-1.001	23	43.48	445.3	6	42
C0137	S1_closed_apo	glycan_free	-4.422	24	26.75	427.8	6	42
C0139	S1_closed_apo	glycan_free	-3.008	24	59.49	443.5	6	42
C0138	S1_closed_apo	glycan_free	114.737	37	202.01	514.5	6	42
C0140	S1_closed_apo	glycan_free	-2.036	26	124.04	499.8	6	42
C0142	S1_closed_apo	glycan_free	-1.217	23	48.24	445.3	6	42
C0143	S1_closed_apo	glycan_free	-5.663	23	57.53	445.3	6	42
C0141	S1_closed_apo	glycan_free	-5.096	30	139.06	509.0	6	42
C0144	S1_closed_apo	glycan_free	-3.771	24	83.45	419.7	6	42
C0146	S1_closed_apo	glycan_free	9.272	24	24.33	425.9	6	42
C0145	S1_closed_apo	glycan_free	-4.886	23	84.02	459.5	6	42
C0147	S1_closed_apo	glycan_free	33.359	24	74.37	462.3	6	42
C0148	S1_closed_apo	glycan_free	-5.213	28	132.46	511.9	6	42
C0150	S1_closed_apo	glycan_free	-4.604	27	56.53	469.3	6	42
C0149	S1_closed_apo	glycan_free	-3.286	30	144.59	533.1	6	42
C0151	S1_closed_apo	glycan_free	-0.579	26	52.07	471.2	6	42
C0152	S1_closed_apo	glycan_free	-1.592	22	52.87	422.3	6	42
C0153	S1_closed_apo	glycan_free	-5.808	22	58.17	429.6	6	42
C0154	S1_closed_apo	glycan_free	-1.436	33	194.86	564.5	6	42
C0155	S1_closed_apo	glycan_free	2.278	29	181.17	413.9	6	42
C0156	S1_closed_apo	glycan_free	-5.094	26	106.77	453.7	6	42
C0158	S1_closed_apo	glycan_free	-4.396	23	46.89	445.3	6	42
C0159	S1_closed_apo	glycan_free	-4.647	23	47.53	445.3	6	42
C0157	S1_closed_apo	glycan_free	4.886	36	298.88	553.7	6	42
C0160	S1_closed_apo	glycan_free	-0.417	30	128.45	499.8	6	42
C0162	S1_closed_apo	glycan_free	-5.291	21	32.96	422.3	6	42
C0161	S1_closed_apo	glycan_free	-3.223	23	60.49	437.4	6	42
C0164	S1_closed_apo	glycan_free	0.157	24	65.54	385.7	6	42
C0165	S1_closed_apo	glycan_free	-2.839	23	46.83	437.4	6	42
C0163	S1_closed_apo	glycan_free	-2.091	24	159.82	443.5	6	42
C0167	S1_closed_apo	glycan_free	-3.142	23	52.68	427.7	6	42
C0168	S1_closed_apo	glycan_free	-6.37	20	27.74	407.5	6	42
C0166	S1_closed_apo	glycan_free	-1.698	24	149.14	443.5	6	42
C0001	S1_closed_apo	glycosylated	-3.146	24	47.03	444.4	6	42
C0003	S1_closed_apo	glycosylated	-2.875	21	48.69	413.3	6	42
C0002	S1_closed_apo	glycosylated	-2.671	26	58.72	471.2	6	42
C0004	S1_closed_apo	glycosylated	-4.872	24	91.25	462.3	6	42
C0005	S1_closed_apo	glycosylated	-5.516	22	107.32	436.4	6	42
C0006	S1_closed_apo	glycosylated	-4.57	22	46.05	422.3	6	42
C0007	S1_closed_apo	glycosylated	-5.607	24	43.65	444.4	6	42
C0009	S1_closed_apo	glycosylated	-5.972	21	35.8	422.3	6	42
C0008	S1_closed_apo	glycosylated	-5.108	21	56.12	416.2	6	42
C0010	S1_closed_apo	glycosylated	-6.798	22	45.24	437.4	6	42
C0011	S1_closed_apo	glycosylated	-4.067	23	42.23	445.3	6	42
C0012	S1_closed_apo	glycosylated	-2.083	23	46.25	445.3	6	42
C0014	S1_closed_apo	glycosylated	-4.666	24	68.59	428.7	6	42
C0013	S1_closed_apo	glycosylated	-1.529	28	118.66	480.5	6	42
C0015	S1_closed_apo	glycosylated	19.791	21	24.75	278.4	6	42
C0017	S1_closed_apo	glycosylated	-1.868	26	52.49	462.3	6	42
C0018	S1_closed_apo	glycosylated	-2.346	24	52.29	437.4	6	42
C0016	S1_closed_apo	glycosylated	-1.702	29	157.55	501.7	6	42
C0019	S1_closed_apo	glycosylated	-1.262	31	139.64	421.5	6	42
C0021	S1_closed_apo	glycosylated	-5.828	22	370.0	429.7	6	42
C0020	S1_closed_apo	glycosylated	-0.415	30	503.91	499.9	6	42
C0022	S1_closed_apo	glycosylated	-0.175	31	1628.5	499.8	6	42
C0024	S1_closed_apo	glycosylated	-5.969	23	323.58	445.4	6	42
C0025	S1_closed_apo	glycosylated	-5.639	25	563.73	453.7	6	42
C0026	S1_closed_apo	glycosylated	-0.894	24	53.11	270.3	6	42
C0027	S1_closed_apo	glycosylated	4.2	26	74.88	462.3	6	42
C0028	S1_closed_apo	glycosylated	-0.869	25	95.0	436.4	6	42
C0023	S1_closed_apo	glycosylated	1.471	40	2767.71	627.6	6	42
C0030	S1_closed_apo	glycosylated	-5.208	20	49.7	408.5	6	42
C0031	S1_closed_apo	glycosylated	0.699	31	157.86	499.8	6	42
C0032	S1_closed_apo	glycosylated	131.27	24	57.16	453.7	6	42
C0033	S1_closed_apo	glycosylated	-5.719	24	189.34	480.5	6	42
C0034	S1_closed_apo	glycosylated	-4.791	23	39.07	461.4	6	42
C0035	S1_closed_apo	glycosylated	-5.375	21	48.9	429.7	6	42
C0037	S1_closed_apo	glycosylated	0.24	21	30.61	326.8	6	42
C0029	S1_closed_apo	glycosylated	1.642	43	814.16	729.8	6	42
C0038	S1_closed_apo	glycosylated	-1.15	33	202.9	555.6	6	42
C0040	S1_closed_apo	glycosylated	178.785	25	50.67	453.7	6	42
C0041	S1_closed_apo	glycosylated	-3.726	21	35.42	406.6	6	42
C0042	S1_closed_apo	glycosylated	3.421	24	35.62	460.5	6	42
C0043	S1_closed_apo	glycosylated	-4.681	23	67.31	436.4	6	42
C0044	S1_closed_apo	glycosylated	-0.93	30	126.27	511.0	6	42
C0045	S1_closed_apo	glycosylated	-5.199	23	19.34	446.3	6	42
C0039	S1_closed_apo	glycosylated	-2.859	37	400.66	591.0	6	42
C0046	S1_closed_apo	glycosylated	-3.95	23	50.95	371.1	6	42
C0048	S1_closed_apo	glycosylated	-1.328	25	12.9	285.1	6	42
C0047	S1_closed_apo	glycosylated	-5.931	25	61.58	462.3	6	42
C0049	S1_closed_apo	glycosylated	9.753	30	56.52	477.6	6	42
C0050	S1_closed_apo	glycosylated	-4.37	23	39.66	445.3	6	42
C0052	S1_closed_apo	glycosylated	-2.644	23	28.99	358.2	6	42
C0051	S1_closed_apo	glycosylated	-4.495	27	78.3	480.4	6	42
C0054	S1_closed_apo	glycosylated	-4.193	21	44.29	375.2	6	42
C0055	S1_closed_apo	glycosylated	-3.721	23	46.25	445.3	6	42
C0053	S1_closed_apo	glycosylated	7.96	40	252.48	601.4	6	42
C0057	S1_closed_apo	glycosylated	-5.127	22	56.37	413.2	6	42
C0058	S1_closed_apo	glycosylated	0.743	23	45.88	419.4	6	42
C0056	S1_closed_apo	glycosylated	-2.383	32	260.22	470.3	6	42
C0059	S1_closed_apo	glycosylated	-4.609	20	33.86	408.4	6	42
C0060	S1_closed_apo	glycosylated	13.149	23	51.95	332.8	6	42
C0062	S1_closed_apo	glycosylated	-5.535	20	26.57	401.0	6	42
C0063	S1_closed_apo	glycosylated	-3.388	24	62.04	330.3	6	42
C0064	S1_closed_apo	glycosylated	-3.78	24	20.16	429.1	6	42
C0065	S1_closed_apo	glycosylated	-3.415	22	36.46	295.1	6	42
C0066	S1_closed_apo	glycosylated	-5.555	26	71.83	462.3	6	42
C0067	S1_closed_apo	glycosylated	-5.948	21	34.82	348.9	6	42
C0068	S1_closed_apo	glycosylated	-4.65	26	66.37	460.5	6	42
C0069	S1_closed_apo	glycosylated	-3.863	24	55.17	445.4	6	42
C0070	S1_closed_apo	glycosylated	-0.042	31	7844.94	536.0	6	42
C0061	S1_closed_apo	glycosylated	2.963	40	8388.34	628.6	6	42
C0072	S1_closed_apo	glycosylated	-2.155	23	35.91	429.7	6	42
C0071	S1_closed_apo	glycosylated	-4.544	24	171.26	435.5	6	42
C0073	S1_closed_apo	glycosylated	-3.864	22	79.01	422.3	6	42
C0074	S1_closed_apo	glycosylated	19.262	23	91.44	464.2	6	42
C0075	S1_closed_apo	glycosylated	-5.4	23	42.76	437.4	6	42
C0076	S1_closed_apo	glycosylated	0.19	30	238.25	499.8	6	42
C0077	S1_closed_apo	glycosylated	6.722	27	229.11	479.5	6	42
C0079	S1_closed_apo	glycosylated	-4.906	22	42.33	430.6	6	42
C0080	S1_closed_apo	glycosylated	-5.531	22	47.46	429.7	6	42
