chembl	reason
CHEMBL1162110	source paper not on include list
CHEMBL1172192	source paper not on include list
CHEMBL1200467	source paper not on include list
CHEMBL1242210	source paper not on include list
CHEMBL1299355	source paper not on include list
CHEMBL1299634	source paper not on include list
CHEMBL1300115	source paper not on include list
CHEMBL1300637	source paper not on include list
CHEMBL1301353	source paper not on include list
CHEMBL1303580	source paper not on include list
CHEMBL1304374	source paper not on include list
CHEMBL1304529	source paper not on include list
CHEMBL1305092	source paper not on include list
CHEMBL1308055	source paper not on include list
CHEMBL1308594	source paper not on include list
CHEMBL1308999	source paper not on include list
CHEMBL1309484	source paper not on include list
CHEMBL1309643	source paper not on include list
CHEMBL1311708	source paper not on include list
CHEMBL1312200	source paper not on include list
CHEMBL1312212	source paper not on include list
CHEMBL1312241	source paper not on include list
CHEMBL1313127	source paper not on include list
CHEMBL1313807	source paper not on include list
CHEMBL1319003	source paper not on include list
CHEMBL1324729	source paper not on include list
CHEMBL1326647	source paper not on include list
CHEMBL1327017	source paper not on include list
CHEMBL1328027	source paper not on include list
CHEMBL1328774	source paper not on include list
CHEMBL1329141	source paper not on include list
CHEMBL1329425	source paper not on include list
CHEMBL1329925	source paper not on include list
CHEMBL1330129	source paper not on include list
CHEMBL1330475	source paper not on include list
CHEMBL1331111	source paper not on include list
CHEMBL1333555	source paper not on include list
CHEMBL1333593	source paper not on include list
CHEMBL1334010	source paper not on include list
CHEMBL1336283	source paper not on include list
CHEMBL1336922	source paper not on include list
CHEMBL1337189	source paper not on include list
CHEMBL1339324	source paper not on include list
CHEMBL1341444	source paper not on include list
CHEMBL1344745	source paper not on include list
CHEMBL1345458	source paper not on include list
CHEMBL1345541	source paper not on include list
CHEMBL1346887	source paper not on include list
CHEMBL1348946	source paper not on include list
CHEMBL1349290	source paper not on include list
CHEMBL1350958	source paper not on include list
CHEMBL1351108	source paper not on include list
CHEMBL1352564	source paper not on include list
CHEMBL1353506	source paper not on include list
CHEMBL1353738	source paper not on include list
CHEMBL1354041	source paper not on include list
CHEMBL1358863	source paper not on include list
CHEMBL1360615	source paper not on include list
CHEMBL1361054	source paper not on include list
CHEMBL1361582	source paper not on include list
CHEMBL1362734	source paper not on include list
CHEMBL1365080	source paper not on include list
CHEMBL1366367	source paper not on include list
CHEMBL1366428	source paper not on include list
CHEMBL1367339	source paper not on include list
CHEMBL1367952	source paper not on include list
CHEMBL1368444	source paper not on include list
CHEMBL1369492	source paper not on include list
CHEMBL1371004	source paper not on include list
CHEMBL1372387	source paper not on include list
CHEMBL1372836	source paper not on include list
CHEMBL1373145	source paper not on include list
CHEMBL1373248	source paper not on include list
CHEMBL1373937	source paper not on include list
CHEMBL1374603	source paper not on include list
CHEMBL1375441	source paper not on include list
CHEMBL1376311	source paper not on include list
CHEMBL1376711	source paper not on include list
CHEMBL1377441	source paper not on include list
CHEMBL1377466	source paper not on include list
CHEMBL1379894	source paper not on include list
CHEMBL1381474	source paper not on include list
CHEMBL1381868	source paper not on include list
CHEMBL1382081	source paper not on include list
CHEMBL1382616	source paper not on include list
CHEMBL1382785	source paper not on include list
CHEMBL1382968	source paper not on include list
CHEMBL1384843	source paper not on include list
CHEMBL1388816	source paper not on include list
CHEMBL1390211	source paper not on include list
CHEMBL1390923	source paper not on include list
CHEMBL1391063	source paper not on include list
CHEMBL1391588	source paper not on include list
CHEMBL1392551	source paper not on include list
CHEMBL1393256	source paper not on include list
CHEMBL1393876	source paper not on include list
CHEMBL1394204	source paper not on include list
CHEMBL1395453	source paper not on include list
CHEMBL1398964	source paper not on include list
CHEMBL1400127	source paper not on include list
CHEMBL1400449	source paper not on include list
CHEMBL1400492	source paper not on include list
CHEMBL1401029	source paper not on include list
CHEMBL1402117	source paper not on include list
CHEMBL1405684	source paper not on include list
CHEMBL1407208	source paper not on include list
CHEMBL1408468	source paper not on include list
CHEMBL1409007	source paper not on include list
CHEMBL1409780	source paper not on include list
CHEMBL1410860	source paper not on include list
CHEMBL1412254	source paper not on include list
CHEMBL1412423	source paper not on include list
CHEMBL1414480	source paper not on include list
CHEMBL1416601	source paper not on include list
CHEMBL1417070	source paper not on include list
CHEMBL1417320	source paper not on include list
CHEMBL1417710	source paper not on include list
CHEMBL1418600	source paper not on include list
CHEMBL1419357	source paper not on include list
CHEMBL1420379	source paper not on include list
CHEMBL1421172	source paper not on include list
CHEMBL1421333	source paper not on include list
CHEMBL1422112	source paper not on include list
CHEMBL1422601	source paper not on include list
CHEMBL1422763	source paper not on include list
CHEMBL1424505	source paper not on include list
CHEMBL1424631	source paper not on include list
CHEMBL1424694	source paper not on include list
CHEMBL1424929	source paper not on include list
CHEMBL1425314	source paper not on include list
CHEMBL1425600	source paper not on include list
CHEMBL1425797	source paper not on include list
CHEMBL1425879	source paper not on include list
CHEMBL1430309	source paper not on include list
CHEMBL1430983	source paper not on include list
CHEMBL1431163	source paper not on include list
CHEMBL1431851	source paper not on include list
CHEMBL1432044	source paper not on include list
CHEMBL1432920	source paper not on include list
CHEMBL1433128	source paper not on include list
CHEMBL1433919	source paper not on include list
CHEMBL1434750	source paper not on include list
CHEMBL1436001	source paper not on include list
CHEMBL1438552	source paper not on include list
CHEMBL1439800	source paper not on include list
CHEMBL1440277	source paper not on include list
CHEMBL1442758	source paper not on include list
CHEMBL1444094	source paper not on include list
CHEMBL1444373	source paper not on include list
CHEMBL1447137	source paper not on include list
CHEMBL1448410	source paper not on include list
CHEMBL1450861	source paper not on include list
CHEMBL1452254	source paper not on include list
CHEMBL1453077	source paper not on include list
CHEMBL1453524	source paper not on include list
CHEMBL1454848	source paper not on include list
CHEMBL1455522	source paper not on include list
CHEMBL1457048	source paper not on include list
CHEMBL1457077	source paper not on include list
CHEMBL1460470	source paper not on include list
CHEMBL1461925	source paper not on include list
CHEMBL1461928	source paper not on include list
CHEMBL1462469	source paper not on include list
CHEMBL1462524	source paper not on include list
CHEMBL1462906	source paper not on include list
CHEMBL1463410	source paper not on include list
CHEMBL1464039	source paper not on include list
CHEMBL1464449	source paper not on include list
CHEMBL1465297	source paper not on include list
CHEMBL1465398	source paper not on include list
CHEMBL1466898	source paper not on include list
CHEMBL1466929	source paper not on include list
CHEMBL1467130	source paper not on include list
CHEMBL1468612	source paper not on include list
CHEMBL1469489	source paper not on include list
CHEMBL1471907	source paper not on include list
CHEMBL1475023	source paper not on include list
CHEMBL1478587	source paper not on include list
CHEMBL1482585	source paper not on include list
CHEMBL1485064	source paper not on include list
CHEMBL1485818	source paper not on include list
CHEMBL1486470	source paper not on include list
CHEMBL1486536	source paper not on include list
CHEMBL1486792	source paper not on include list
CHEMBL1487870	source paper not on include list
CHEMBL1487959	source paper not on include list
CHEMBL1491528	source paper not on include list
CHEMBL1492305	source paper not on include list
CHEMBL1492565	source paper not on include list
CHEMBL1494387	source paper not on include list
CHEMBL1495674	source paper not on include list
CHEMBL1497153	source paper not on include list
CHEMBL1497796	source paper not on include list
CHEMBL1498887	source paper not on include list
CHEMBL1499010	source paper not on include list
CHEMBL1499794	source paper not on include list
CHEMBL1499798	source paper not on include list
CHEMBL1500050	source paper not on include list
CHEMBL1500933	source paper not on include list
CHEMBL1500942	source paper not on include list
CHEMBL1501475	source paper not on include list
CHEMBL1501743	source paper not on include list
CHEMBL1502163	source paper not on include list
CHEMBL1503209	source paper not on include list
CHEMBL1503985	source paper not on include list
CHEMBL1504461	source paper not on include list
CHEMBL1504817	source paper not on include list
CHEMBL1505688	source paper not on include list
CHEMBL1507021	source paper not on include list
CHEMBL1507128	source paper not on include list
CHEMBL1509704	source paper not on include list
CHEMBL1510501	source paper not on include list
CHEMBL1515202	source paper not on include list
CHEMBL1517470	source paper not on include list
CHEMBL1517683	source paper not on include list
CHEMBL1518422	source paper not on include list
CHEMBL1520046	source paper not on include list
CHEMBL1521669	source paper not on include list
CHEMBL1522210	source paper not on include list
CHEMBL1522531	source paper not on include list
CHEMBL1523577	source paper not on include list
CHEMBL1523836	source paper not on include list
CHEMBL1526088	source paper not on include list
CHEMBL1527520	source paper not on include list
CHEMBL1528089	source paper not on include list
CHEMBL1528476	source paper not on include list
CHEMBL1529285	source paper not on include list
CHEMBL1529306	source paper not on include list
CHEMBL1532323	source paper not on include list
CHEMBL1533269	source paper not on include list
CHEMBL1533561	source paper not on include list
CHEMBL1535636	source paper not on include list
CHEMBL1536174	source paper not on include list
CHEMBL1536896	source paper not on include list
CHEMBL1538738	source paper not on include list
CHEMBL1542151	source paper not on include list
CHEMBL1543779	source paper not on include list
CHEMBL1543994	source paper not on include list
CHEMBL1544885	source paper not on include list
CHEMBL1545384	source paper not on include list
CHEMBL1546890	source paper not on include list
CHEMBL1547640	source paper not on include list
CHEMBL1547867	source paper not on include list
CHEMBL1548297	source paper not on include list
CHEMBL1553969	source paper not on include list
CHEMBL1555218	source paper not on include list
CHEMBL1557573	source paper not on include list
CHEMBL1559100	source paper not on include list
CHEMBL1559790	source paper not on include list
CHEMBL1559883	source paper not on include list
CHEMBL1560577	source paper not on include list
CHEMBL1561488	source paper not on include list
CHEMBL1563863	source paper not on include list
CHEMBL1564716	source paper not on include list
CHEMBL1566530	source paper not on include list
CHEMBL1568419	source paper not on include list
CHEMBL1569215	source paper not on include list
CHEMBL1571082	source paper not on include list
CHEMBL1571480	source paper not on include list
CHEMBL1575481	source paper not on include list
CHEMBL1576198	source paper not on include list
CHEMBL1577545	source paper not on include list
CHEMBL1578306	source paper not on include list
CHEMBL1579270	source paper not on include list
CHEMBL1580170	source paper not on include list
CHEMBL1580660	source paper not on include list
CHEMBL1580684	source paper not on include list
CHEMBL1583537	source paper not on include list
CHEMBL1585309	source paper not on include list
CHEMBL1587159	source paper not on include list
CHEMBL1589514	source paper not on include list
CHEMBL1594818	source paper not on include list
CHEMBL1595441	source paper not on include list
CHEMBL1595563	source paper not on include list
CHEMBL1596373	source paper not on include list
CHEMBL1598628	source paper not on include list
CHEMBL1600068	source paper not on include list
CHEMBL1602800	source paper not on include list
CHEMBL1604122	source paper not on include list
CHEMBL1604719	source paper not on include list
CHEMBL1605235	source paper not on include list
CHEMBL1605425	source paper not on include list
CHEMBL1605668	source paper not on include list
CHEMBL1608106	source paper not on include list
CHEMBL1610008	source paper not on include list
CHEMBL1612433	source paper not on include list
CHEMBL1672291	source paper not on include list
CHEMBL1672292	source paper not on include list
CHEMBL1699206	source paper not on include list
CHEMBL1701224	source paper not on include list
CHEMBL171637	source paper not on include list
CHEMBL1904459	source paper not on include list
CHEMBL1966700	source paper not on include list
CHEMBL1968273	source paper not on include list
CHEMBL1970819	source paper not on include list
CHEMBL1970867	source paper not on include list
CHEMBL1971015	source paper not on include list
CHEMBL1971033	source paper not on include list
CHEMBL1976042	source paper not on include list
CHEMBL1979756	source paper not on include list
CHEMBL1982888	source paper not on include list
CHEMBL1985327	source paper not on include list
CHEMBL1986027	source paper not on include list
CHEMBL1989234	source paper not on include list
CHEMBL1992702	source paper not on include list
CHEMBL1994007	source paper not on include list
CHEMBL1994371	source paper not on include list
CHEMBL1994988	source paper not on include list
CHEMBL1999473	source paper not on include list
CHEMBL2000167	source paper not on include list
CHEMBL2001743	source paper not on include list
CHEMBL2003887	source paper not on include list
CHEMBL2005484	source paper not on include list
CHEMBL201289	source paper not on include list
CHEMBL2029048	source paper not on include list
CHEMBL221415	source paper not on include list
CHEMBL223453	source paper not on include list
CHEMBL230683	source paper not on include list
CHEMBL2375867	source paper not on include list
CHEMBL2398774	source paper not on include list
CHEMBL287542	source paper not on include list
CHEMBL290106	source paper not on include list
CHEMBL3037785	source paper not on include list
CHEMBL3037786	source paper not on include list
CHEMBL3037787	source paper not on include list
CHEMBL3037788	source paper not on include list
CHEMBL3037789	source paper not on include list
CHEMBL3037790	source paper not on include list
CHEMBL3037791	source paper not on include list
CHEMBL3037792	source paper not on include list
CHEMBL3037793	source paper not on include list
CHEMBL3037794	source paper not on include list
CHEMBL3037795	source paper not on include list
CHEMBL3037796	source paper not on include list
CHEMBL3037797	source paper not on include list
CHEMBL3037798	source paper not on include list
CHEMBL3144984	source paper not on include list
CHEMBL3182716	source paper not on include list
CHEMBL3183391	source paper not on include list
CHEMBL3189373	source paper not on include list
CHEMBL3189418	source paper not on include list
CHEMBL3189933	source paper not on include list
CHEMBL3189941	source paper not on include list
CHEMBL3190829	source paper not on include list
CHEMBL3190873	source paper not on include list
CHEMBL3191954	source paper not on include list
CHEMBL3193786	source paper not on include list
CHEMBL3194058	source paper not on include list
CHEMBL3194119	source paper not on include list
CHEMBL3194162	source paper not on include list
CHEMBL3194553	source paper not on include list
CHEMBL3194554	source paper not on include list
CHEMBL3194804	source paper not on include list
CHEMBL3195304	source paper not on include list
CHEMBL3195383	source paper not on include list
CHEMBL3195965	source paper not on include list
CHEMBL3196052	source paper not on include list
CHEMBL3196491	source paper not on include list
CHEMBL3196762	source paper not on include list
CHEMBL3197109	source paper not on include list
CHEMBL3197156	source paper not on include list
CHEMBL3197728	source paper not on include list
CHEMBL3197936	source paper not on include list
CHEMBL3198341	source paper not on include list
CHEMBL3198976	source paper not on include list
CHEMBL3199016	source paper not on include list
CHEMBL3199737	source paper not on include list
CHEMBL3199742	source paper not on include list
CHEMBL3199815	source paper not on include list
CHEMBL3392017	source paper not on include list
CHEMBL3600949	source paper not on include list
CHEMBL3600950	source paper not on include list
CHEMBL3600951	source paper not on include list
CHEMBL3600952	source paper not on include list
CHEMBL3600953	source paper not on include list
CHEMBL3600954	source paper not on include list
CHEMBL3600956	source paper not on include list
CHEMBL388590	source paper not on include list
CHEMBL399293	source paper not on include list
CHEMBL406652	source paper not on include list
CHEMBL411406	source paper not on include list
CHEMBL4203285	source paper not on include list
CHEMBL4206744	source paper not on include list
CHEMBL4207660	source paper not on include list
CHEMBL4281745	source paper not on include list
CHEMBL428607	source paper not on include list
CHEMBL4289957	source paper not on include list
CHEMBL440999	source paper not on include list
CHEMBL4437889	source paper not on include list
CHEMBL4439355	source paper not on include list
CHEMBL4440451	source paper not on include list
CHEMBL4442212	source paper not on include list
CHEMBL4444442	source paper not on include list
CHEMBL4445474	source paper not on include list
CHEMBL4451659	source paper not on include list
CHEMBL4451994	source paper not on include list
CHEMBL4454313	source paper not on include list
CHEMBL4454382	source paper not on include list
CHEMBL4455835	source paper not on include list
CHEMBL4456878	source paper not on include list
CHEMBL4457770	source paper not on include list
CHEMBL4458236	source paper not on include list
CHEMBL4458730	source paper not on include list
CHEMBL4459522	source paper not on include list
CHEMBL4464574	source paper not on include list
CHEMBL4465870	source paper not on include list
CHEMBL4466565	source paper not on include list
CHEMBL4466581	source paper not on include list
CHEMBL4467904	source paper not on include list
CHEMBL4468452	source paper not on include list
CHEMBL4468550	source paper not on include list
CHEMBL4473941	source paper not on include list
CHEMBL4474236	source paper not on include list
CHEMBL4474461	source paper not on include list
CHEMBL4474469	source paper not on include list
CHEMBL4475861	source paper not on include list
CHEMBL4476199	source paper not on include list
CHEMBL448651	source paper not on include list
CHEMBL4513887	source paper not on include list
CHEMBL4518629	source paper not on include list
CHEMBL4524345	source paper not on include list
CHEMBL4531799	source paper not on include list
CHEMBL4535485	source paper not on include list
CHEMBL4538215	source paper not on include list
CHEMBL4545032	source paper not on include list
CHEMBL4546124	source paper not on include list
CHEMBL4548603	source paper not on include list
CHEMBL4551966	source paper not on include list
CHEMBL4552479	source paper not on include list
CHEMBL4552770	source paper not on include list
CHEMBL4567020	source paper not on include list
CHEMBL4571007	source paper not on include list
CHEMBL4575700	source paper not on include list
CHEMBL4575978	source paper not on include list
CHEMBL4578610	source paper not on include list
CHEMBL4579547	source paper not on include list
CHEMBL458328	source paper not on include list
CHEMBL4588738	source paper not on include list
CHEMBL4591215	source paper not on include list
CHEMBL4592061	source paper not on include list
CHEMBL4639918	source paper not on include list
CHEMBL4641862	source paper not on include list
CHEMBL4644236	source paper not on include list
CHEMBL4647052	source paper not on include list
CHEMBL4761827	source paper not on include list
CHEMBL4794754	source paper not on include list
CHEMBL4856617	source paper not on include list
CHEMBL4862201	source paper not on include list
CHEMBL4864957	source paper not on include list
CHEMBL4865917	source paper not on include list
CHEMBL4868439	source paper not on include list
CHEMBL4869179	source paper not on include list
CHEMBL4875133	source paper not on include list
CHEMBL4877164	source paper not on include list
CHEMBL4879121	source paper not on include list
CHEMBL496	source paper not on include list
CHEMBL529902	source paper not on include list
CHEMBL5413691	source paper not on include list
CHEMBL551842	source paper not on include list
CHEMBL5777860	source paper not on include list
CHEMBL5828343	source paper not on include list
CHEMBL5850552	source paper not on include list
CHEMBL5855495	source paper not on include list
CHEMBL5861069	source paper not on include list
CHEMBL5877636	source paper not on include list
CHEMBL5888289	source paper not on include list
CHEMBL5917296	source paper not on include list
CHEMBL5918238	source paper not on include list
CHEMBL5934580	source paper not on include list
CHEMBL5981174	source paper not on include list
CHEMBL5995108	source paper not on include list
CHEMBL6026674	source paper not on include list
CHEMBL6034071	source paper not on include list
CHEMBL6053696	source paper not on include list
CHEMBL6056163	source paper not on include list
CHEMBL81935	source paper not on include list
CHEMBL329691	heavy atoms > 55 or MW > 700
CHEMBL3800574	heavy atoms > 55 or MW > 700
CHEMBL4540823	heavy atoms > 55 or MW > 700
CHEMBL4846044	heavy atoms > 55 or MW > 700
CHEMBL4849790	heavy atoms > 55 or MW > 700
CHEMBL4853102	heavy atoms > 55 or MW > 700
CHEMBL4860308	heavy atoms > 55 or MW > 700
CHEMBL4863234	heavy atoms > 55 or MW > 700
CHEMBL4871020	heavy atoms > 55 or MW > 700
CHEMBL4871566	heavy atoms > 55 or MW > 700
CHEMBL4872281	heavy atoms > 55 or MW > 700
CHEMBL4875361	heavy atoms > 55 or MW > 700
CHEMBL4876176	heavy atoms > 55 or MW > 700
CHEMBL4878191	heavy atoms > 55 or MW > 700
CHEMBL4878723	heavy atoms > 55 or MW > 700
