id	state	glycan_free	glycosylated	delta_glycosylated_minus_free	lost_to_glycans	role
C0001	S1_closed_apo	-4.626	-4.836	-0.20999999999999996	False	candidate
C0001	S2_closed_holo	-0.988	-0.927	0.06099999999999994	False	candidate
C0001	S3_open_cd4	-7.982	-7.986	-0.0039999999999995595	False	candidate
C0001	S4_cd4_cladeCRF	-8.377	-8.377	0.0	False	candidate
C0002	S1_closed_apo	-6.133	-2.633	3.5	True	candidate
C0002	S2_closed_holo	1.842	-1.992	-3.834	False	candidate
C0002	S3_open_cd4	-8.513	-7.807	0.7059999999999995	False	candidate
C0002	S4_cd4_cladeCRF	-5.405	-5.405	0.0	False	candidate
C0006	S1_closed_apo	-4.604	-4.663	-0.05900000000000016	False	candidate
C0006	S2_closed_holo	-3.691	44.287	47.978	True	candidate
C0006	S3_open_cd4	-7.631	-7.616	0.015000000000000568	False	candidate
C0006	S4_cd4_cladeCRF	-7.726	-7.726	0.0	False	candidate
C0009	S1_closed_apo	-5.903	-5.953	-0.05000000000000071	False	candidate
C0009	S2_closed_holo	-3.577	-3.534	0.04300000000000015	False	candidate
C0009	S3_open_cd4	-7.774	-7.724	0.04999999999999982	False	candidate
C0009	S4_cd4_cladeCRF	-7.965	-7.965	0.0	False	candidate
C0010	S1_closed_apo	-6.431	-6.387	0.04400000000000048	False	candidate
C0010	S2_closed_holo	-4.403	-5.212	-0.8090000000000002	False	candidate
C0010	S3_open_cd4	-7.871	-7.882	-0.010999999999999233	False	candidate
C0010	S4_cd4_cladeCRF	-8.233	-8.233	0.0	False	candidate
C0011	S1_closed_apo	-4.247	-0.546	3.7009999999999996	True	candidate
C0011	S2_closed_holo	-2.276	-3.639	-1.363	False	candidate
C0011	S3_open_cd4	-8.398	-7.674	0.7239999999999993	False	candidate
C0011	S4_cd4_cladeCRF	-7.394	-7.394	0.0	False	candidate
C0012	S1_closed_apo	-4.44	112.011	116.451	True	candidate
C0012	S2_closed_holo	-2.73	-2.843	-0.11299999999999999	False	candidate
C0012	S3_open_cd4	-8.449	-8.199	0.25	False	candidate
C0012	S4_cd4_cladeCRF	-7.82	-7.82	0.0	False	candidate
C0013	S1_closed_apo	-1.392	-1.61	-0.2180000000000002	False	candidate
C0013	S2_closed_holo	-0.325	-1.455	-1.1300000000000001	False	candidate
C0013	S3_open_cd4	-8.397	-8.363	0.034000000000000696	False	candidate
C0013	S4_cd4_cladeCRF	-8.038	-8.038	0.0	False	candidate
C0017	S1_closed_apo	-4.177	-4.485	-0.3080000000000007	False	candidate
C0017	S2_closed_holo	143.124	19.722	-123.40199999999999	False	candidate
C0017	S3_open_cd4	-8.071	-8.073	-0.002000000000000668	False	candidate
C0017	S4_cd4_cladeCRF	-8.766	-8.766	0.0	False	candidate
C0019	S1_closed_apo	-0.804	1.139	1.943	True	candidate
C0019	S2_closed_holo	1.795	9.894	8.099	True	candidate
C0019	S3_open_cd4	-5.965	-7.478	-1.513	False	candidate
C0019	S4_cd4_cladeCRF	-5.224	-5.224	0.0	False	candidate
C0020	S1_closed_apo	5.944	3.31	-2.634	False	candidate
C0020	S2_closed_holo	1.574	7.615	6.041	True	candidate
C0020	S3_open_cd4	-8.524	-8.534	-0.010000000000001563	False	candidate
C0020	S4_cd4_cladeCRF	-7.976	-7.976	0.0	False	candidate
C0021	S1_closed_apo	-6.189	-6.177	0.012000000000000455	False	candidate
C0021	S2_closed_holo	-0.344	-4.856	-4.512	False	candidate
C0021	S3_open_cd4	-7.779	-7.694	0.08499999999999996	False	candidate
C0021	S4_cd4_cladeCRF	-7.748	-7.748	0.0	False	candidate
C0024	S1_closed_apo	-6.021	-6.127	-0.10599999999999987	False	candidate
C0024	S2_closed_holo	-2.228	-1.311	0.9170000000000003	False	candidate
C0024	S3_open_cd4	-8.199	-8.206	-0.006999999999999673	False	candidate
C0024	S4_cd4_cladeCRF	-8.368	-8.368	0.0	False	candidate
C0025	S1_closed_apo	-5.687	-5.581	0.10599999999999987	False	candidate
C0025	S2_closed_holo	1.268	-1.302	-2.5700000000000003	False	candidate
C0025	S3_open_cd4	-7.445	-6.957	0.48800000000000043	False	candidate
C0025	S4_cd4_cladeCRF	-7.795	-7.795	0.0	False	candidate
C0029	S1_closed_apo	-0.047	0.434	0.481	False	candidate
C0029	S2_closed_holo	22.754	12.914	-9.840000000000002	False	candidate
C0029	S3_open_cd4	4.797	-7.414	-12.210999999999999	False	candidate
C0029	S4_cd4_cladeCRF	-3.087	-3.087	0.0	False	candidate
C0032	S1_closed_apo	-1.814	-1.944	-0.1299999999999999	False	candidate
C0032	S2_closed_holo	-2.157	-0.04	2.117	True	candidate
C0032	S3_open_cd4	-7.843	-7.891	-0.04800000000000004	False	candidate
C0032	S4_cd4_cladeCRF	-8.465	-8.465	0.0	False	candidate
C0037	S1_closed_apo	-4.377	-3.97	0.4069999999999996	False	candidate
C0037	S2_closed_holo	-7.576	1.301	8.876999999999999	True	candidate
C0037	S3_open_cd4	-6.774	-6.759	0.01499999999999968	False	candidate
C0037	S4_cd4_cladeCRF	-7.403	-7.403	0.0	False	candidate
C0038	S1_closed_apo	-1.016	-1.128	-0.11199999999999988	False	candidate
C0038	S2_closed_holo	-1.154	-0.086	1.0679999999999998	True	candidate
C0038	S3_open_cd4	-8.564	-6.616	1.9480000000000004	True	candidate
C0038	S4_cd4_cladeCRF	-5.394	-5.394	0.0	False	candidate
C0039	S1_closed_apo	-0.509	-0.434	0.07500000000000001	False	candidate
C0039	S2_closed_holo	0.238	9.428	9.190000000000001	True	candidate
C0039	S3_open_cd4	-7.583	-7.263	0.3200000000000003	False	candidate
C0039	S4_cd4_cladeCRF	-5.884	-5.884	0.0	False	candidate
C0040	S1_closed_apo	-1.274	-1.386	-0.11199999999999988	False	candidate
C0040	S2_closed_holo	-1.002	0.335	1.337	True	candidate
C0040	S3_open_cd4	-7.917	-7.906	0.01100000000000012	False	candidate
C0040	S4_cd4_cladeCRF	-8.629	-8.629	0.0	False	candidate
C0047	S1_closed_apo	-6.145	-6.289	-0.14400000000000013	False	candidate
C0047	S2_closed_holo	-1.613	-1.837	-0.22399999999999998	False	candidate
C0047	S3_open_cd4	-8.525	-8.522	0.0030000000000001137	False	candidate
C0047	S4_cd4_cladeCRF	-8.534	-8.534	0.0	False	candidate
C0050	S1_closed_apo	-5.337	-4.587	0.75	False	candidate
C0050	S2_closed_holo	-2.356	-1.362	0.9939999999999998	False	candidate
C0050	S3_open_cd4	-7.469	-7.47	-0.0009999999999994458	False	candidate
C0050	S4_cd4_cladeCRF	-8.439	-8.439	0.0	False	candidate
C0055	S1_closed_apo	1.375	-4.078	-5.453	False	candidate
C0055	S2_closed_holo	-0.219	-0.737	-0.518	False	candidate
C0055	S3_open_cd4	-7.916	-7.935	-0.01899999999999924	False	candidate
C0055	S4_cd4_cladeCRF	-7.524	-7.524	0.0	False	candidate
C0056	S1_closed_apo	1.126	1.402	0.276	False	candidate
C0056	S2_closed_holo	12.039	2.413	-9.626	False	candidate
C0056	S3_open_cd4	-6.23	-6.643	-0.41299999999999937	False	candidate
C0056	S4_cd4_cladeCRF	-7.193	-7.193	0.0	False	candidate
C0060	S1_closed_apo	-4.969	-5.062	-0.09299999999999997	False	candidate
C0060	S2_closed_holo	3.113	-2.215	-5.327999999999999	False	candidate
C0060	S3_open_cd4	-7.342	-7.771	-0.42900000000000027	False	candidate
C0060	S4_cd4_cladeCRF	-7.539	-7.539	0.0	False	candidate
C0067	S1_closed_apo	-5.896	-5.969	-0.0730000000000004	False	candidate
C0067	S2_closed_holo	-4.133	-4.447	-0.31400000000000006	False	candidate
C0067	S3_open_cd4	-8.045	-8.049	-0.0039999999999995595	False	candidate
C0067	S4_cd4_cladeCRF	-8.072	-8.072	0.0	False	candidate
C0070	S1_closed_apo	-0.088	-1.117	-1.029	False	candidate
C0070	S2_closed_holo	-1.759	-1.518	0.24099999999999988	False	candidate
C0070	S3_open_cd4	-8.581	-8.704	-0.12300000000000111	False	candidate
C0070	S4_cd4_cladeCRF	-9.148	-9.148	0.0	False	candidate
C0074	S1_closed_apo	-6.245	-6.296	-0.051000000000000156	False	candidate
C0074	S2_closed_holo	-4.935	2.698	7.632999999999999	True	candidate
C0074	S3_open_cd4	-7.912	-7.922	-0.009999999999999787	False	candidate
C0074	S4_cd4_cladeCRF	-8.044	-8.044	0.0	False	candidate
C0075	S1_closed_apo	-5.579	-5.587	-0.008000000000000007	False	candidate
C0075	S2_closed_holo	-5.67	-4.049	1.6209999999999996	True	candidate
C0075	S3_open_cd4	-7.469	-7.476	-0.006999999999999673	False	candidate
C0075	S4_cd4_cladeCRF	-7.551	-7.551	0.0	False	candidate
C0080	S1_closed_apo	-5.715	-5.699	0.016000000000000014	False	candidate
C0080	S2_closed_holo	11.628	129.228	117.60000000000001	True	candidate
C0080	S3_open_cd4	-7.665	-7.694	-0.028999999999999915	False	candidate
C0080	S4_cd4_cladeCRF	-5.941	-5.941	0.0	False	candidate
C0084	S1_closed_apo	-6.063	-5.305	0.758	False	candidate
C0084	S2_closed_holo	-5.149	-6.061	-0.9119999999999999	False	candidate
C0084	S3_open_cd4	-7.695	-7.705	-0.009999999999999787	False	candidate
C0084	S4_cd4_cladeCRF	-8.136	-8.136	0.0	False	candidate
C0085	S1_closed_apo	-3.724	4.234	7.958	True	candidate
C0085	S2_closed_holo	-0.726	-1.068	-0.3420000000000001	False	candidate
C0085	S3_open_cd4	-7.15	-7.156	-0.005999999999999339	False	candidate
C0085	S4_cd4_cladeCRF	-7.322	-7.322	0.0	False	candidate
C0088	S1_closed_apo	-4.873	-4.95	-0.07699999999999996	False	candidate
C0088	S2_closed_holo	-3.778	-5.567	-1.7890000000000001	False	candidate
C0088	S3_open_cd4	-7.349	-7.361	-0.011999999999999567	False	candidate
C0088	S4_cd4_cladeCRF	-7.481	-7.481	0.0	False	candidate
C0093	S1_closed_apo	-5.138	-4.283	0.8549999999999995	False	candidate
C0093	S2_closed_holo	-2.4	-0.84	1.56	True	candidate
C0093	S3_open_cd4	-7.589	-7.566	0.023000000000000576	False	candidate
C0093	S4_cd4_cladeCRF	-7.454	-7.454	0.0	False	candidate
C0094	S1_closed_apo	-1.584	-0.72	0.8640000000000001	False	candidate
C0094	S2_closed_holo	178.847	7.375	-171.472	False	candidate
C0094	S3_open_cd4	-8.686	-8.892	-0.20599999999999952	False	candidate
C0094	S4_cd4_cladeCRF	-7.618	-7.618	0.0	False	candidate
C0096	S1_closed_apo	-2.919	-2.25	0.669	False	candidate
C0096	S2_closed_holo	78.407	0.141	-78.26599999999999	False	candidate
C0096	S3_open_cd4	-8.207	-8.202	0.005000000000000782	False	candidate
C0096	S4_cd4_cladeCRF	-7.503	-7.503	0.0	False	candidate
C0097	S1_closed_apo	-3.459	-3.93	-0.4710000000000001	False	candidate
C0097	S2_closed_holo	-0.562	-2.185	-1.623	False	candidate
C0097	S3_open_cd4	-8.406	-8.414	-0.007999999999999119	False	candidate
C0097	S4_cd4_cladeCRF	-8.127	-8.127	0.0	False	candidate
C0099	S1_closed_apo	-1.76	-1.851	-0.09099999999999997	False	candidate
C0099	S2_closed_holo	-0.872	-4.126	-3.2540000000000004	False	candidate
C0099	S3_open_cd4	-8.032	-7.731	0.30100000000000016	False	candidate
C0099	S4_cd4_cladeCRF	-7.6	-7.6	0.0	False	candidate
C0100	S1_closed_apo	-0.14	-3.251	-3.1109999999999998	False	candidate
C0100	S2_closed_holo	23.34	11.089	-12.251	False	candidate
C0100	S3_open_cd4	-7.901	-7.915	-0.014000000000000234	False	candidate
C0100	S4_cd4_cladeCRF	-7.857	-7.857	0.0	False	candidate
C0101	S1_closed_apo	2.884	2.541	-0.34299999999999997	False	control:temsavir_83J
C0101	S2_closed_holo	32.494	333.02	300.52599999999995	True	control:temsavir_83J
C0101	S3_open_cd4	-7.639	-6.985	0.6539999999999999	False	control:temsavir_83J
C0101	S4_cd4_cladeCRF	-6.935	-6.935	0.0	False	control:temsavir_83J
C0102	S1_closed_apo	-5.627	-6.173	-0.5460000000000003	False	candidate
C0102	S2_closed_holo	0.253	15.155	14.902	True	candidate
C0102	S3_open_cd4	-7.857	-7.747	0.11000000000000032	False	candidate
C0102	S4_cd4_cladeCRF	-8.072	-8.072	0.0	False	candidate
C0103	S1_closed_apo	-3.546	-4.006	-0.4600000000000004	False	candidate
C0103	S2_closed_holo	-3.32	2.345	5.665	True	candidate
C0103	S3_open_cd4	-8.112	-8.117	-0.005000000000000782	False	candidate
C0103	S4_cd4_cladeCRF	-9.023	-9.023	0.0	False	candidate
C0105	S1_closed_apo	-4.72	-4.575	0.14499999999999957	False	candidate
C0105	S2_closed_holo	-0.14	-2.138	-1.9979999999999998	False	candidate
C0105	S3_open_cd4	-8.156	-8.128	0.02800000000000047	False	candidate
C0105	S4_cd4_cladeCRF	-8.003	-8.003	0.0	False	candidate
C0106	S1_closed_apo	0.794	1.329	0.5349999999999999	False	candidate
C0106	S2_closed_holo	11.63	22.496	10.865999999999998	True	candidate
C0106	S3_open_cd4	-9.238	-8.682	0.5559999999999992	False	candidate
C0106	S4_cd4_cladeCRF	-6.182	-6.182	0.0	False	candidate
C0108	S1_closed_apo	-4.571	-4.543	0.02799999999999958	False	candidate
C0108	S2_closed_holo	57.793	4.322	-53.471	False	candidate
C0108	S3_open_cd4	-7.434	-7.76	-0.3259999999999996	False	candidate
C0108	S4_cd4_cladeCRF	-7.962	-7.962	0.0	False	candidate
C0109	S1_closed_apo	3.522	-3.301	-6.823	False	candidate
C0109	S2_closed_holo	-5.571	-4.282	1.2889999999999997	True	candidate
C0109	S3_open_cd4	-5.924	-5.591	0.3330000000000002	False	candidate
C0109	S4_cd4_cladeCRF	-5.274	-5.274	0.0	False	candidate
C0115	S1_closed_apo	5.941	5.628	-0.3129999999999997	False	candidate
C0115	S2_closed_holo	8.925	12.286	3.360999999999999	True	candidate
C0115	S3_open_cd4	-8.822	-3.928	4.893999999999999	True	candidate
C0115	S4_cd4_cladeCRF	-5.772	-5.772	0.0	False	candidate
C0116	S1_closed_apo	-1.677	-1.796	-0.119	False	candidate
C0116	S2_closed_holo	25.953	-0.712	-26.665	False	candidate
C0116	S3_open_cd4	-8.172	-8.169	0.0030000000000001137	False	candidate
C0116	S4_cd4_cladeCRF	-8.548	-8.548	0.0	False	candidate
C0117	S1_closed_apo	2.619	-2.062	-4.681	False	control:BMS378806_83G
C0117	S2_closed_holo	-0.47	2.199	2.6689999999999996	True	control:BMS378806_83G
C0117	S3_open_cd4	-7.021	-6.95	0.07099999999999973	False	control:BMS378806_83G
C0117	S4_cd4_cladeCRF	-8.045	-8.045	0.0	False	control:BMS378806_83G
C0119	S1_closed_apo	-4.344	-4.292	0.05200000000000049	False	candidate
C0119	S2_closed_holo	-2.425	-2.559	-0.13400000000000034	False	candidate
C0119	S3_open_cd4	-7.947	-7.902	0.04499999999999993	False	candidate
C0119	S4_cd4_cladeCRF	-8.555	-8.555	0.0	False	candidate
C0121	S1_closed_apo	-5.713	-4.875	0.8380000000000001	False	candidate
C0121	S2_closed_holo	-3.953	-4.405	-0.4520000000000004	False	candidate
C0121	S3_open_cd4	-7.268	-7.296	-0.02800000000000047	False	candidate
C0121	S4_cd4_cladeCRF	-7.684	-7.684	0.0	False	candidate
C0123	S1_closed_apo	-4.907	-4.974	-0.06700000000000017	False	candidate
C0123	S2_closed_holo	-6.124	-6.134	-0.010000000000000675	False	candidate
C0123	S3_open_cd4	-7.627	-7.726	-0.0990000000000002	False	candidate
C0123	S4_cd4_cladeCRF	-7.619	-7.619	0.0	False	candidate
C0124	S1_closed_apo	-6.366	-6.697	-0.3310000000000004	False	candidate
C0124	S2_closed_holo	-2.398	-4.777	-2.379	False	candidate
C0124	S3_open_cd4	-7.617	-7.554	0.06299999999999972	False	candidate
C0124	S4_cd4_cladeCRF	-7.852	-7.852	0.0	False	candidate
C0127	S1_closed_apo	-2.007	-2.751	-0.7439999999999998	False	candidate
C0127	S2_closed_holo	-2.188	3.591	5.779	True	candidate
C0127	S3_open_cd4	-7.942	-7.904	0.038000000000000256	False	candidate
C0127	S4_cd4_cladeCRF	-8.053	-8.053	0.0	False	candidate
C0128	S1_closed_apo	-5.314	47.502	52.816	True	candidate
C0128	S2_closed_holo	-0.697	-3.83	-3.133	False	candidate
C0128	S3_open_cd4	-8.026	-8.071	-0.04499999999999993	False	candidate
C0128	S4_cd4_cladeCRF	-7.332	-7.332	0.0	False	candidate
C0129	S1_closed_apo	-5.784	-4.919	0.8650000000000002	False	candidate
C0129	S2_closed_holo	-4.855	-5.125	-0.2699999999999996	False	candidate
C0129	S3_open_cd4	-7.095	-7.093	0.0019999999999997797	False	candidate
C0129	S4_cd4_cladeCRF	-7.264	-7.264	0.0	False	candidate
C0135	S1_closed_apo	-3.973	-3.934	0.0389999999999997	False	candidate
C0135	S2_closed_holo	0.83	-0.572	-1.402	False	candidate
C0135	S3_open_cd4	-7.543	-7.55	-0.006999999999999673	False	candidate
C0135	S4_cd4_cladeCRF	-7.723	-7.723	0.0	False	candidate
C0136	S1_closed_apo	-6.051	-6.004	0.0470000000000006	False	candidate
C0136	S2_closed_holo	-3.675	-1.24	2.4349999999999996	True	candidate
C0136	S3_open_cd4	-7.924	-7.92	0.004000000000000448	False	candidate
C0136	S4_cd4_cladeCRF	-8.279	-8.279	0.0	False	candidate
C0142	S1_closed_apo	-2.183	-1.555	0.6279999999999999	False	candidate
C0142	S2_closed_holo	2.785	-1.648	-4.433	False	candidate
C0142	S3_open_cd4	-8.067	-8.043	0.02400000000000091	False	candidate
C0142	S4_cd4_cladeCRF	-8.056	-8.056	0.0	False	candidate
C0143	S1_closed_apo	-5.693	-5.212	0.48099999999999987	False	candidate
C0143	S2_closed_holo	66.631	-3.593	-70.224	False	candidate
C0143	S3_open_cd4	-7.875	-7.836	0.0389999999999997	False	candidate
C0143	S4_cd4_cladeCRF	-7.957	-7.957	0.0	False	candidate
C0147	S1_closed_apo	-5.496	-5.589	-0.09299999999999997	False	candidate
C0147	S2_closed_holo	-2.164	-2.578	-0.4139999999999997	False	candidate
C0147	S3_open_cd4	-8.028	-8.047	-0.019000000000000128	False	candidate
C0147	S4_cd4_cladeCRF	-7.216	-7.216	0.0	False	candidate
C0148	S1_closed_apo	0.92	-3.886	-4.806	False	candidate
C0148	S2_closed_holo	5.777	25.5	19.723	True	candidate
C0148	S3_open_cd4	-8.42	-8.476	-0.05600000000000094	False	candidate
C0148	S4_cd4_cladeCRF	-8.189	-8.189	0.0	False	candidate
C0149	S1_closed_apo	-6.182	-6.338	-0.1559999999999997	False	candidate
C0149	S2_closed_holo	-1.911	2.105	4.016	True	candidate
C0149	S3_open_cd4	-8.262	-8.252	0.009999999999999787	False	candidate
C0149	S4_cd4_cladeCRF	-8.702	-8.702	0.0	False	candidate
C0151	S1_closed_apo	-1.726	-1.418	0.30800000000000005	False	candidate
C0151	S2_closed_holo	25.186	1.884	-23.302	False	candidate
C0151	S3_open_cd4	-8.498	-8.443	0.054999999999999716	False	candidate
C0151	S4_cd4_cladeCRF	-9.217	-9.217	0.0	False	candidate
C0153	S1_closed_apo	-5.534	-5.944	-0.41000000000000014	False	candidate
C0153	S2_closed_holo	180.18	-4.9	-185.08	False	candidate
C0153	S3_open_cd4	-7.444	-7.388	0.05600000000000005	False	candidate
C0153	S4_cd4_cladeCRF	-7.524	-7.524	0.0	False	candidate
C0158	S1_closed_apo	-4.606	-4.49	0.11599999999999966	False	candidate
C0158	S2_closed_holo	-1.344	10.935	12.279	True	candidate
C0158	S3_open_cd4	-7.984	-8.022	-0.038000000000000256	False	candidate
C0158	S4_cd4_cladeCRF	-7.835	-7.835	0.0	False	candidate
C0159	S1_closed_apo	-4.769	-2.5	2.269	True	candidate
C0159	S2_closed_holo	-0.142	-1.167	-1.0250000000000001	False	candidate
C0159	S3_open_cd4	-8.313	-8.217	0.09600000000000009	False	candidate
C0159	S4_cd4_cladeCRF	-7.579	-7.579	0.0	False	candidate
C0162	S1_closed_apo	-4.915	-4.635	0.28000000000000025	False	candidate
C0162	S2_closed_holo	-1.034	-1.091	-0.05699999999999994	False	candidate
C0162	S3_open_cd4	-7.609	-7.63	-0.020999999999999908	False	candidate
C0162	S4_cd4_cladeCRF	-7.717	-7.717	0.0	False	candidate
C0165	S1_closed_apo	-5.926	-3.047	2.879	True	candidate
C0165	S2_closed_holo	-1.638	-1.939	-0.30100000000000016	False	candidate
C0165	S3_open_cd4	-7.348	-7.413	-0.06500000000000039	False	candidate
C0165	S4_cd4_cladeCRF	-7.509	-7.509	0.0	False	candidate
