id	state	arm	score	heavy_atoms	wall_s	peak_rss_mb	exhaustiveness	seed	role	chembl	nM	escape_prone	mean_entropy_bits	n_contacts	rank_unfiltered	pctl_unfiltered	rank_filtered	pctl_filtered	delta_vs_temsavir
C0010	S1_closed_apo	glycan_free	-6.431	22	26.07	437.4	6	42	candidate	CHEMBL1645247	4000.0	False	0.349997217315226	15	1	1.4492753623188406	1.0	1.4492753623188406	-9.315
C0124	S1_closed_apo	glycan_free	-6.366	24	35.3	445.4	6	42	candidate	CHEMBL1645266	1600.0	False	0.4149939985990508	19	2	2.898550724637681	2.0	2.898550724637681	-9.25
C0074	S1_closed_apo	glycan_free	-6.245	23	33.08	464.2	6	42	candidate	CHEMBL4872465	7000.0	False	0.2997910696299757	19	3	4.3478260869565215	3.0	4.3478260869565215	-9.129
C0021	S1_closed_apo	glycan_free	-6.189	22	23.27	429.7	6	42	candidate	CHEMBL1645125	4300.0	False	0.3067780496773458	15	4	5.797101449275362	4.0	5.797101449275362	-9.073
C0149	S1_closed_apo	glycan_free	-6.182	30	69.98	533.1	6	42	candidate	CHEMBL5278363	390.0	False	0.4543461308809668	18	5	7.246376811594203	5.0	7.246376811594203	-9.066
C0047	S1_closed_apo	glycan_free	-6.145	25	31.68	462.3	6	42	candidate	CHEMBL1645256	1200.0	False	0.3242545301690671	17	6	8.695652173913043	6.0	8.695652173913043	-9.029
C0002	S1_closed_apo	glycan_free	-6.133	26	31.48	471.2	6	42	candidate	CHEMBL4873946	6200.0	False	0.4051157651532366	17	7	10.144927536231885	7.0	10.144927536231885	-9.017
C0084	S1_closed_apo	glycan_free	-6.063	21	21.86	429.7	6	42	candidate	CHEMBL1645124	3000.0	False	0.3642066598466926	14	8	11.594202898550725	8.0	11.594202898550725	-8.947
C0136	S1_closed_apo	glycan_free	-6.051	22	16.05	437.4	6	42	candidate	CHEMBL4862383	6600.0	False	0.3127303984768813	15	9	13.043478260869565	9.0	13.043478260869565	-8.935
C0024	S1_closed_apo	glycan_free	-6.021	23	24.88	445.3	6	42	candidate	CHEMBL1645265	600.0	False	0.4047657882459463	16	10	14.492753623188406	10.0	14.492753623188406	-8.905
C0165	S1_closed_apo	glycan_free	-5.926	23	23.07	437.4	6	42	candidate	CHEMBL1645121	1900.0	False	0.2930924541132277	15	11	15.942028985507246	11.0	15.942028985507246	-8.81
C0009	S1_closed_apo	glycan_free	-5.903	21	20.25	422.3	6	42	candidate	CHEMBL1645131	4200.0	False	0.348798124388484	19	12	17.391304347826086	12.0	17.391304347826086	-8.786999999999999
C0067	S1_closed_apo	glycan_free	-5.896	21	19.7	416.1	6	42	candidate	CHEMBL4468918	2800.0	False	0.2828548721240417	19	13	18.840579710144926	13.0	18.840579710144926	-8.78
C0129	S1_closed_apo	glycan_free	-5.784	21	24.68	421.4	6	42	candidate	CHEMBL1645258	58600.0	False	0.3012568553435352	18	14	20.28985507246377	14.0	20.28985507246377	-8.668
C0080	S1_closed_apo	glycan_free	-5.715	22	29.08	429.7	6	42	candidate	CHEMBL1645132	2500.0	False	0.3814837093174156	15	15	21.73913043478261	15.0	21.73913043478261	-8.599
C0121	S1_closed_apo	glycan_free	-5.713	23	29.87	454.6	6	42	candidate	CHEMBL4870333	800.0	False	0.4843676325203456	15	16	23.18840579710145	16.0	23.18840579710145	-8.597
C0143	S1_closed_apo	glycan_free	-5.693	23	24.47	445.4	6	42	candidate	CHEMBL1645255	3100.0	False	0.4357428747288423	18	17	24.63768115942029	17.0	24.63768115942029	-8.577
C0025	S1_closed_apo	glycan_free	-5.687	25	48.53	453.7	6	42	candidate	CHEMBL1645242	2300.0	False	0.3406669888539926	17	18	26.08695652173913	18.0	26.08695652173913	-8.571
C0102	S1_closed_apo	glycan_free	-5.627	28	58.35	480.4	6	42	candidate	CHEMBL1645291	20500.0	False	0.3997343630937328	18	19	27.536231884057973	19.0	27.536231884057973	-8.511
C0075	S1_closed_apo	glycan_free	-5.579	23	30.28	437.4	6	42	candidate	CHEMBL1645262	1700.0	False	0.2888241821227175	17	20	28.985507246376812	20.0	28.985507246376812	-8.463
C0153	S1_closed_apo	glycan_free	-5.534	22	27.68	429.7	6	42	candidate	CHEMBL1645259	2100.0	False	0.3372314879732774	18	21	30.434782608695652	21.0	30.434782608695652	-8.418
C0147	S1_closed_apo	glycan_free	-5.496	24	33.89	462.3	6	42	candidate	CHEMBL1645270	2600.0	False	0.3238417383497068	21	22	31.884057971014492	22.0	31.884057971014492	-8.38
C0050	S1_closed_apo	glycan_free	-5.337	23	20.26	445.3	6	42	candidate	CHEMBL4441575	2100.0	False	0.3224334799814408	19	23	33.333333333333336	23.0	33.333333333333336	-8.221
C0128	S1_closed_apo	glycan_free	-5.314	26	36.9	462.3	6	42	candidate	CHEMBL1645261	58500.0	False	0.2956926733958368	17	24	34.78260869565217	24.0	34.78260869565217	-8.198
C0093	S1_closed_apo	glycan_free	-5.138	24	39.91	454.6	6	42	candidate	CHEMBL1645267	3200.0	False	0.3107003188214965	17	25	36.231884057971016	25.0	36.231884057971016	-8.022
C0060	S1_closed_apo	glycan_free	-4.969	23	26.47	437.4	6	42	candidate	CHEMBL1641635	3300.0	False	0.2963265889359178	20	26	37.68115942028985	26.0	37.68115942028985	-7.853
C0162	S1_closed_apo	glycan_free	-4.915	21	18.05	422.3	6	42	candidate	CHEMBL1645119	9400.0	False	0.4503671524996454	14	27	39.130434782608695	27.0	39.130434782608695	-7.7989999999999995
C0123	S1_closed_apo	glycan_free	-4.907	21	19.45	415.2	6	42	candidate	CHEMBL4517215	1800.0	False	0.2898021154159766	21	28	40.57971014492754	28.0	40.57971014492754	-7.791
C0088	S1_closed_apo	glycan_free	-4.873	23	25.87	437.4	6	42	candidate	CHEMBL1645126	3400.0	False	0.290495215790528	21	29	42.028985507246375	29.0	42.028985507246375	-7.757
C0159	S1_closed_apo	glycan_free	-4.769	23	25.07	445.4	6	42	candidate	CHEMBL4471847	42000.0	False	0.3774077493938381	13	30	43.47826086956522	30.0	43.47826086956522	-7.6530000000000005
C0105	S1_closed_apo	glycan_free	-4.72	23	25.68	445.3	6	42	candidate	CHEMBL4528442	63000.0	False	0.4521891578880299	14	31	44.927536231884055	31.0	44.927536231884055	-7.603999999999999
C0001	S1_closed_apo	glycan_free	-4.626	24	24.48	444.4	6	42	candidate	CHEMBL1645129	1000.0	False	0.4440627354591741	17	32	46.3768115942029	32.0	46.3768115942029	-7.51
C0158	S1_closed_apo	glycan_free	-4.606	23	20.86	445.4	6	42	candidate	CHEMBL4444898	61000.0	False	0.4475833454210715	15	33	47.82608695652174	33.0	47.82608695652174	-7.49
C0006	S1_closed_apo	glycan_free	-4.604	22	25.48	422.3	6	42	candidate	CHEMBL4514380	770.0	False	0.2511203321411022	19	34	49.27536231884058	34.0	49.27536231884058	-7.4879999999999995
C0108	S1_closed_apo	glycan_free	-4.571	23	22.48	444.4	6	42	candidate	CHEMBL254781	170.0	False	0.3172522526836024	20	35	50.72463768115942	35.0	50.72463768115942	-7.455
C0012	S1_closed_apo	glycan_free	-4.44	23	24.28	445.3	6	42	candidate	CHEMBL4467451	2300.0	False	0.4922733784969794	15	36	52.17391304347826	36.0	52.17391304347826	-7.324
C0037	S1_closed_apo	glycan_free	-4.377	21	17.25	414.2	6	42	candidate	CHEMBL223228	3.5	False	0.5840374806339383	7	37	53.6231884057971	37.0	53.6231884057971	-7.260999999999999
C0119	S1_closed_apo	glycan_free	-4.344	23	22.66	445.3	6	42	candidate	CHEMBL4573301	59000.0	False	0.4475833454210715	15	38	55.072463768115945	38.0	55.072463768115945	-7.228
C0011	S1_closed_apo	glycan_free	-4.247	23	24.47	445.3	6	42	candidate	CHEMBL4536283	3600.0	False	0.4709478562080864	16	39	56.52173913043478	39.0	56.52173913043478	-7.131
C0017	S1_closed_apo	glycan_free	-4.177	26	26.49	467.1	6	42	candidate	CHEMBL1645130	1300.0	False	0.4692220171589472	16	40	57.971014492753625	40.0	57.971014492753625	-7.061
C0135	S1_closed_apo	glycan_free	-3.973	23	24.06	445.4	6	42	candidate	CHEMBL4463469	68000.0	False	0.4502167704032995	14	41	59.42028985507246	41.0	59.42028985507246	-6.856999999999999
C0085	S1_closed_apo	glycan_free	-3.724	23	26.07	437.4	6	42	candidate	CHEMBL1645120	4200.0	False	0.2943754241854465	19	42	60.869565217391305	42.0	60.869565217391305	-6.6080000000000005
C0103	S1_closed_apo	glycan_free	-3.546	24	24.87	453.6	6	42	candidate	CHEMBL4563477	460.0	False	0.3521706261597901	16	43	62.31884057971015	43.0	62.31884057971015	-6.43
C0097	S1_closed_apo	glycan_free	-3.459	25	33.1	453.7	6	42	candidate	CHEMBL1645263	2400.0	False	0.2313965021772734	22	44	63.768115942028984	44.0	63.768115942028984	-6.343
C0096	S1_closed_apo	glycan_free	-2.919	24	27.28	453.6	6	42	candidate	CHEMBL4473905	1200.0	False	0.4112928541399946	12	45	65.21739130434783	45.0	65.21739130434783	-5.803
C0142	S1_closed_apo	glycan_free	-2.183	23	21.66	445.4	6	42	candidate	CHEMBL4553472	4000.0	False	0.3263987403090231	19	46	66.66666666666667	46.0	66.66666666666667	-5.067
C0127	S1_closed_apo	glycan_free	-2.007	25	28.48	462.3	6	42	candidate	CHEMBL1645112	2200.0	False	0.3277905409551693	22	47	68.1159420289855	47.0	68.1159420289855	-4.891
C0032	S1_closed_apo	glycan_free	-1.814	24	26.28	453.7	6	42	candidate	CHEMBL4556233	7600.0	False	0.2965060420948855	19	48	69.56521739130434	48.0	69.56521739130434	-4.698
C0099	S1_closed_apo	glycan_free	-1.76	24	28.09	452.7	6	42	candidate	CHEMBL4460156	27000.0	False	0.2613303276495418	19	49	71.01449275362319	49.0	71.01449275362319	-4.644
C0151	S1_closed_apo	glycan_free	-1.726	26	28.88	471.2	6	42	candidate	CHEMBL4579482	46000.0	False	0.4415117824987651	18	50	72.46376811594203	50.0	72.46376811594203	-4.609999999999999
C0116	S1_closed_apo	glycan_free	-1.677	24	26.87	453.6	6	42	candidate	CHEMBL1645111	760.0	False	0.2937997006780123	21	51	73.91304347826087	51.0	73.91304347826087	-4.561
C0094	S1_closed_apo	glycan_free	-1.584	42	285.31	815.4	6	42	candidate	CHEMBL4859112	290.0	False	0.3826835010029153	26	52	75.3623188405797	52.0	75.3623188405797	-4.468
C0013	S1_closed_apo	glycan_free	-1.392	28	51.93	480.4	6	42	candidate	CHEMBL1645287	61400.0	False	0.3278445132699188	24	53	76.81159420289855	53.0	76.81159420289855	-4.276
C0040	S1_closed_apo	glycan_free	-1.274	25	26.88	453.6	6	42	candidate	CHEMBL1645118	300.0	False	0.2364409299587839	21	54	78.26086956521739	54.0	78.26086956521739	-4.1579999999999995
C0038	S1_closed_apo	glycan_free	-1.016	33	97.24	555.6	6	42	candidate	CHEMBL4873037	8500.0	False	0.3197492734897442	25	55	79.71014492753623	55.0	79.71014492753623	-3.9
C0019	S1_closed_apo	glycan_free	-0.804	31	54.74	498.9	6	42	candidate	CHEMBL238103	19.0	False	0.4319796162218361	19	56	81.15942028985508	56.0	81.15942028985508	-3.6879999999999997
C0039	S1_closed_apo	glycan_free	-0.509	37	180.86	642.0	6	42	candidate	CHEMBL4863990	120.0	False	0.3160517398484949	25	57	82.6086956521739	57.0	82.6086956521739	-3.393
C0100	S1_closed_apo	glycan_free	-0.14	29	40.51	479.5	6	42	candidate	CHEMBL5204063	1.5	False	0.2781717610741097	19	58	84.05797101449275	58.0	84.05797101449275	-3.024
C0070	S1_closed_apo	glycan_free	-0.088	31	65.77	533.1	6	42	candidate	CHEMBL4865734	11400.0	False	0.3189937139034469	23	59	85.5072463768116	59.0	85.5072463768116	-2.972
C0029	S1_closed_apo	glycan_free	-0.047	43	342.22	749.7	6	42	candidate	CHEMBL4873137	720.0	False	0.3045141424127313	26	60	86.95652173913044	60.0	86.95652173913044	-2.931
C0106	S1_closed_apo	glycan_free	0.794	46	388.52	968.9	6	42	candidate	CHEMBL4859187	230.0	False	0.3173279088536269	27	61	88.40579710144928	61.0	88.40579710144928	-2.09
C0148	S1_closed_apo	glycan_free	0.92	28	57.35	511.9	6	42	candidate	CHEMBL4547005	460.0	False	0.3762383459157858	17	62	89.85507246376811	62.0	89.85507246376811	-1.964
C0056	S1_closed_apo	glycan_free	1.126	32	112.08	508.1	6	42	candidate	CHEMBL318846	250000.0	False	0.3557865191916448	20	63	91.30434782608695	63.0	91.30434782608695	-1.758
C0055	S1_closed_apo	glycan_free	1.375	23	24.07	445.3	6	42	candidate	CHEMBL4594134	1200.0	False	0.3379433980703671	20	64	92.7536231884058	64.0	92.7536231884058	-1.509
C0117	S1_closed_apo	glycan_free	2.619	30	58.55	489.0	6	42	control:BMS378806_83G	CHEMBL337301	8700.0	False	0.6334591338177054	8	65	94.20289855072464	65.0	94.20289855072464	-0.2649999999999997
C0101	S1_closed_apo	glycan_free	2.884	35	67.17	541.4	6	42	control:temsavir_83J	CHEMBL3301620	0.83	False	0.3465228834385412	22	66	95.65217391304348	66.0	95.65217391304348	0.0
C0109	S1_closed_apo	glycan_free	3.522	25	41.12	435.5	6	42	candidate	CHEMBL98987	30000.0	False	0.5359039348411607	15	67	97.10144927536231	67.0	97.10144927536231	0.6379999999999999
C0115	S1_closed_apo	glycan_free	5.941	34	73.79	529.3	6	42	candidate	CHEMBL4573432	130.0	False	0.267519781334172	20	68	98.55072463768116	68.0	98.55072463768116	3.057
C0020	S1_closed_apo	glycan_free	5.944	30	65.57	499.8	6	42	candidate	CHEMBL1645289	73600.0	False	0.3617718469395108	18	69	100.0	69.0	100.0	3.06
C0124	S1_closed_apo	glycosylated	-6.697	24	35.09	445.4	6	42	candidate	CHEMBL1645266	1600.0	False	0.4597531060367838	17	1	1.4492753623188406	1.0	1.4492753623188406	-9.238
C0010	S1_closed_apo	glycosylated	-6.387	22	23.87	437.4	6	42	candidate	CHEMBL1645247	4000.0	False	0.349997217315226	15	2	2.898550724637681	2.0	2.898550724637681	-8.927999999999999
C0149	S1_closed_apo	glycosylated	-6.338	30	65.6	537.3	6	42	candidate	CHEMBL5278363	390.0	False	0.4979518371272138	18	3	4.3478260869565215	3.0	4.3478260869565215	-8.879
C0074	S1_closed_apo	glycosylated	-6.296	23	29.68	464.2	6	42	candidate	CHEMBL4872465	7000.0	False	0.2965767232946348	20	4	5.797101449275362	4.0	5.797101449275362	-8.837
C0047	S1_closed_apo	glycosylated	-6.289	25	29.69	462.3	6	42	candidate	CHEMBL1645256	1200.0	False	0.3814837093174156	15	5	7.246376811594203	5.0	7.246376811594203	-8.83
C0021	S1_closed_apo	glycosylated	-6.177	22	23.66	429.7	6	42	candidate	CHEMBL1645125	4300.0	False	0.3067780496773458	15	6	8.695652173913043	6.0	8.695652173913043	-8.718
C0102	S1_closed_apo	glycosylated	-6.173	28	48.54	480.5	6	42	candidate	CHEMBL1645291	20500.0	False	0.2888409075574262	21	7	10.144927536231885	7.0	10.144927536231885	-8.714
C0024	S1_closed_apo	glycosylated	-6.127	23	34.7	445.4	6	42	candidate	CHEMBL1645265	600.0	False	0.4731224585915517	15	8	11.594202898550725	8.0	11.594202898550725	-8.668
C0136	S1_closed_apo	glycosylated	-6.004	22	15.64	437.4	6	42	candidate	CHEMBL4862383	6600.0	False	0.3127303984768813	15	9	13.043478260869565	9.0	13.043478260869565	-8.545
C0067	S1_closed_apo	glycosylated	-5.969	21	17.05	416.2	6	42	candidate	CHEMBL4468918	2800.0	False	0.2828548721240417	19	10	14.492753623188406	10.0	14.492753623188406	-8.51
C0009	S1_closed_apo	glycosylated	-5.953	21	20.25	422.3	6	42	candidate	CHEMBL1645131	4200.0	False	0.348798124388484	19	11	15.942028985507246	11.0	15.942028985507246	-8.494
C0153	S1_closed_apo	glycosylated	-5.944	22	28.08	429.7	6	42	candidate	CHEMBL1645259	2100.0	False	0.3990884200010183	17	12	17.391304347826086	12.0	17.391304347826086	-8.485
C0080	S1_closed_apo	glycosylated	-5.699	22	23.07	429.7	6	42	candidate	CHEMBL1645132	2500.0	False	0.3710554208891662	14	13	18.840579710144926	13.0	18.840579710144926	-8.24
C0147	S1_closed_apo	glycosylated	-5.589	24	31.89	462.4	6	42	candidate	CHEMBL1645270	2600.0	False	0.3238417383497068	21	14	20.28985507246377	14.0	20.28985507246377	-8.13
C0075	S1_closed_apo	glycosylated	-5.587	23	24.66	437.4	6	42	candidate	CHEMBL1645262	1700.0	False	0.2888241821227175	17	15	21.73913043478261	15.0	21.73913043478261	-8.128
C0025	S1_closed_apo	glycosylated	-5.581	25	48.92	453.7	6	42	candidate	CHEMBL1645242	2300.0	False	0.3593640363909419	16	16	23.18840579710145	16.0	23.18840579710145	-8.122
C0084	S1_closed_apo	glycosylated	-5.305	21	18.66	429.7	6	42	candidate	CHEMBL1645124	3000.0	False	0.3488136146870997	19	17	24.63768115942029	17.0	24.63768115942029	-7.846
C0143	S1_closed_apo	glycosylated	-5.212	23	22.48	445.4	6	42	candidate	CHEMBL1645255	3100.0	False	0.2905423982318345	14	18	26.08695652173913	18.0	26.08695652173913	-7.753
C0060	S1_closed_apo	glycosylated	-5.062	23	24.07	437.4	6	42	candidate	CHEMBL1641635	3300.0	False	0.2963265889359178	20	19	27.536231884057973	19.0	27.536231884057973	-7.603
C0123	S1_closed_apo	glycosylated	-4.974	21	18.65	415.2	6	42	candidate	CHEMBL4517215	1800.0	False	0.2837564514032814	20	20	28.985507246376812	20.0	28.985507246376812	-7.515000000000001
C0088	S1_closed_apo	glycosylated	-4.95	23	26.27	437.4	6	42	candidate	CHEMBL1645126	3400.0	False	0.290495215790528	21	21	30.434782608695652	21.0	30.434782608695652	-7.491
C0129	S1_closed_apo	glycosylated	-4.919	21	22.07	421.4	6	42	candidate	CHEMBL1645258	58600.0	False	0.3127303984768813	15	22	31.884057971014492	22.0	31.884057971014492	-7.459999999999999
C0121	S1_closed_apo	glycosylated	-4.875	23	26.67	454.7	6	42	candidate	CHEMBL4870333	800.0	False	0.3574204315527892	15	23	33.333333333333336	23.0	33.333333333333336	-7.416
C0001	S1_closed_apo	glycosylated	-4.836	24	24.08	444.5	6	42	candidate	CHEMBL1645129	1000.0	False	0.4692220171589472	16	24	34.78260869565217	24.0	34.78260869565217	-7.377000000000001
C0006	S1_closed_apo	glycosylated	-4.663	22	22.66	422.4	6	42	candidate	CHEMBL4514380	770.0	False	0.2503395226802049	20	25	36.231884057971016	25.0	36.231884057971016	-7.204000000000001
C0162	S1_closed_apo	glycosylated	-4.635	21	18.25	422.3	6	42	candidate	CHEMBL1645119	9400.0	False	0.4503671524996454	14	26	37.68115942028985	26.0	37.68115942028985	-7.176
C0050	S1_closed_apo	glycosylated	-4.587	23	20.07	445.4	6	42	candidate	CHEMBL4441575	2100.0	False	0.4707356131591148	14	27	39.130434782608695	27.0	39.130434782608695	-7.128
C0105	S1_closed_apo	glycosylated	-4.575	23	22.89	445.4	6	42	candidate	CHEMBL4528442	63000.0	False	0.4521891578880299	14	28	40.57971014492754	28.0	40.57971014492754	-7.116
C0108	S1_closed_apo	glycosylated	-4.543	23	21.66	444.5	6	42	candidate	CHEMBL254781	170.0	False	0.4475833454210715	15	29	42.028985507246375	29.0	42.028985507246375	-7.084
C0158	S1_closed_apo	glycosylated	-4.49	23	20.27	445.4	6	42	candidate	CHEMBL4444898	61000.0	False	0.4475833454210715	15	30	43.47826086956522	30.0	43.47826086956522	-7.031000000000001
C0017	S1_closed_apo	glycosylated	-4.485	26	25.07	462.4	6	42	candidate	CHEMBL1645130	1300.0	False	0.4692220171589472	16	31	44.927536231884055	31.0	44.927536231884055	-7.026
C0119	S1_closed_apo	glycosylated	-4.292	23	21.27	445.4	6	42	candidate	CHEMBL4573301	59000.0	False	0.3214558778021523	20	32	46.3768115942029	32.0	46.3768115942029	-6.833
C0093	S1_closed_apo	glycosylated	-4.283	24	35.11	454.7	6	42	candidate	CHEMBL1645267	3200.0	False	0.3115788262166514	16	33	47.82608695652174	33.0	47.82608695652174	-6.824
C0055	S1_closed_apo	glycosylated	-4.078	23	21.66	445.4	6	42	candidate	CHEMBL4594134	1200.0	False	0.4502167704032995	14	34	49.27536231884058	34.0	49.27536231884058	-6.619
C0103	S1_closed_apo	glycosylated	-4.006	24	24.27	453.7	6	42	candidate	CHEMBL4563477	460.0	False	0.3521706261597901	16	35	50.72463768115942	35.0	50.72463768115942	-6.547000000000001
C0037	S1_closed_apo	glycosylated	-3.97	21	16.05	414.3	6	42	candidate	CHEMBL223228	3.5	False	0.6243510741848952	6	36	52.17391304347826	36.0	52.17391304347826	-6.511
C0135	S1_closed_apo	glycosylated	-3.934	23	21.46	450.8	6	42	candidate	CHEMBL4463469	68000.0	False	0.4502167704032995	14	37	53.6231884057971	37.0	53.6231884057971	-6.475
C0097	S1_closed_apo	glycosylated	-3.93	25	30.29	453.7	6	42	candidate	CHEMBL1645263	2400.0	False	0.3316064177962033	22	38	55.072463768115945	38.0	55.072463768115945	-6.471
C0148	S1_closed_apo	glycosylated	-3.886	28	50.13	512.0	6	42	candidate	CHEMBL4547005	460.0	False	0.3221548177766888	22	39	56.52173913043478	39.0	56.52173913043478	-6.427
C0109	S1_closed_apo	glycosylated	-3.301	25	38.91	435.5	6	42	candidate	CHEMBL98987	30000.0	False	0.5878694218139755	9	40	57.971014492753625	40.0	57.971014492753625	-5.8420000000000005
C0100	S1_closed_apo	glycosylated	-3.251	29	40.11	479.5	6	42	candidate	CHEMBL5204063	1.5	False	0.4475833454210715	15	41	59.42028985507246	41.0	59.42028985507246	-5.792
C0165	S1_closed_apo	glycosylated	-3.047	23	19.46	437.4	6	42	candidate	CHEMBL1645121	1900.0	False	0.2158776739221006	21	42	60.869565217391305	42.0	60.869565217391305	-5.588
C0127	S1_closed_apo	glycosylated	-2.751	25	29.69	462.3	6	42	candidate	CHEMBL1645112	2200.0	False	0.3411524006738561	17	43	62.31884057971015	43.0	62.31884057971015	-5.292
C0002	S1_closed_apo	glycosylated	-2.633	26	28.08	471.3	6	42	candidate	CHEMBL4873946	6200.0	False	0.3539100731223402	21	44	63.768115942028984	44.0	63.768115942028984	-5.1739999999999995
C0159	S1_closed_apo	glycosylated	-2.5	23	22.86	445.4	6	42	candidate	CHEMBL4471847	42000.0	False	0.3452733375699235	14	45	65.21739130434783	45.0	65.21739130434783	-5.041
C0096	S1_closed_apo	glycosylated	-2.25	24	22.26	453.7	6	42	candidate	CHEMBL4473905	1200.0	False	0.2928734952341604	21	46	66.66666666666667	46.0	66.66666666666667	-4.791
C0117	S1_closed_apo	glycosylated	-2.062	30	52.55	489.1	6	42	control:BMS378806_83G	CHEMBL337301	8700.0	False	0.3233654189420172	18	47	68.1159420289855	47.0	68.1159420289855	-4.603
C0032	S1_closed_apo	glycosylated	-1.944	24	26.07	453.7	6	42	candidate	CHEMBL4556233	7600.0	False	0.2965060420948855	19	48	69.56521739130434	48.0	69.56521739130434	-4.484999999999999
C0099	S1_closed_apo	glycosylated	-1.851	24	25.28	452.8	6	42	candidate	CHEMBL4460156	27000.0	False	0.2747930121552695	18	49	71.01449275362319	49.0	71.01449275362319	-4.3919999999999995
C0116	S1_closed_apo	glycosylated	-1.796	24	23.08	453.7	6	42	candidate	CHEMBL1645111	760.0	False	0.2937997006780123	21	50	72.46376811594203	50.0	72.46376811594203	-4.337
C0013	S1_closed_apo	glycosylated	-1.61	28	48.12	480.5	6	42	candidate	CHEMBL1645287	61400.0	False	0.3242414314264422	23	51	73.91304347826087	51.0	73.91304347826087	-4.151
C0142	S1_closed_apo	glycosylated	-1.555	23	21.06	445.4	6	42	candidate	CHEMBL4553472	4000.0	False	0.475352552965979	13	52	75.3623188405797	52.0	75.3623188405797	-4.096
C0151	S1_closed_apo	glycosylated	-1.418	26	27.88	471.3	6	42	candidate	CHEMBL4579482	46000.0	False	0.4415117824987651	18	53	76.81159420289855	53.0	76.81159420289855	-3.9589999999999996
C0040	S1_closed_apo	glycosylated	-1.386	25	26.08	453.7	6	42	candidate	CHEMBL1645118	300.0	False	0.2364409299587839	21	54	78.26086956521739	54.0	78.26086956521739	-3.9269999999999996
C0038	S1_closed_apo	glycosylated	-1.128	33	83.42	555.7	6	42	candidate	CHEMBL4873037	8500.0	False	0.3197492734897442	25	55	79.71014492753623	55.0	79.71014492753623	-3.6689999999999996
C0070	S1_closed_apo	glycosylated	-1.117	31	62.96	533.2	6	42	candidate	CHEMBL4865734	11400.0	False	0.3260721806783075	17	56	81.15942028985508	56.0	81.15942028985508	-3.658
C0094	S1_closed_apo	glycosylated	-0.72	42	258.09	777.9	6	42	candidate	CHEMBL4859112	290.0	False	0.3612778454158689	27	57	82.6086956521739	57.0	82.6086956521739	-3.261
C0011	S1_closed_apo	glycosylated	-0.546	23	23.07	445.4	6	42	candidate	CHEMBL4536283	3600.0	False	0.3452733375699235	14	58	84.05797101449275	58.0	84.05797101449275	-3.0869999999999997
C0039	S1_closed_apo	glycosylated	-0.434	37	155.8	642.1	6	42	candidate	CHEMBL4863990	120.0	False	0.3078539378819336	26	59	85.5072463768116	59.0	85.5072463768116	-2.975
C0029	S1_closed_apo	glycosylated	0.434	43	339.25	729.9	6	42	candidate	CHEMBL4873137	720.0	False	0.359357938426405	27	60	86.95652173913044	60.0	86.95652173913044	-2.1069999999999998
C0019	S1_closed_apo	glycosylated	1.139	31	49.92	498.9	6	42	candidate	CHEMBL238103	19.0	False	0.3624829274040911	17	61	88.40579710144928	61.0	88.40579710144928	-1.402
C0106	S1_closed_apo	glycosylated	1.329	46	365.79	1054.4	6	42	candidate	CHEMBL4859187	230.0	False	0.3153677548339302	27	62	89.85507246376811	62.0	89.85507246376811	-1.212
C0056	S1_closed_apo	glycosylated	1.402	32	100.68	508.2	6	42	candidate	CHEMBL318846	250000.0	False	0.5101940129448789	19	63	91.30434782608695	63.0	91.30434782608695	-1.139
C0101	S1_closed_apo	glycosylated	2.541	35	60.37	541.4	6	42	control:temsavir_83J	CHEMBL3301620	0.83	False	0.4081217666740256	21	64	92.7536231884058	64.0	92.7536231884058	0.0
C0020	S1_closed_apo	glycosylated	3.31	30	63.56	499.9	6	42	candidate	CHEMBL1645289	73600.0	False	0.2649164313329554	22	65	94.20289855072464	65.0	94.20289855072464	0.7690000000000001
C0085	S1_closed_apo	glycosylated	4.234	23	24.06	437.4	6	42	candidate	CHEMBL1645120	4200.0	False	0.2956926733958368	17	66	95.65217391304348	66.0	95.65217391304348	1.693
C0115	S1_closed_apo	glycosylated	5.628	34	63.78	529.4	6	42	candidate	CHEMBL4573432	130.0	False	0.4224133236850175	20	67	97.10144927536231	67.0	97.10144927536231	3.087
C0128	S1_closed_apo	glycosylated	47.502	26	32.5	462.3	6	42	candidate	CHEMBL1645261	58500.0	False	0.327771152428655	17	68	98.55072463768116	68.0	98.55072463768116	44.961000000000006
C0012	S1_closed_apo	glycosylated	112.011	23	25.47	445.4	6	42	candidate	CHEMBL4467451	2300.0	False	0.6761944715325876	8	69	100.0	69.0	100.0	109.47
C0037	S2_closed_holo	glycan_free	-7.576	21	16.44	414.2	6	42	candidate	CHEMBL223228	3.5	False	0.4992013761919393	9	1	1.4492753623188406	1.0	1.4705882352941178	-40.07
C0123	S2_closed_holo	glycan_free	-6.124	21	21.46	415.2	6	42	candidate	CHEMBL4517215	1800.0	False	0.3027113490377185	9	2	2.898550724637681	2.0	2.9411764705882355	-38.618
C0075	S2_closed_holo	glycan_free	-5.67	23	32.09	437.4	6	42	candidate	CHEMBL1645262	1700.0	False	0.5358757791954369	8	3	4.3478260869565215	3.0	4.411764705882353	-38.164
C0109	S2_closed_holo	glycan_free	-5.571	25	44.52	435.5	6	42	candidate	CHEMBL98987	30000.0	False	0.5262347160786063	11	4	5.797101449275362	4.0	5.882352941176471	-38.065
C0084	S2_closed_holo	glycan_free	-5.149	21	25.66	436.4	6	42	candidate	CHEMBL1645124	3000.0	False	0.3027113490377185	9	5	7.246376811594203	5.0	7.352941176470588	-37.643
C0074	S2_closed_holo	glycan_free	-4.935	23	34.51	464.1	6	42	candidate	CHEMBL4872465	7000.0	False	0.4435947152981763	12	6	8.695652173913043	6.0	8.823529411764707	-37.429
C0129	S2_closed_holo	glycan_free	-4.855	21	27.47	421.3	6	42	candidate	CHEMBL1645258	58600.0	False	0.5312036058745542	10	7	10.144927536231885	7.0	10.294117647058824	-37.349000000000004
C0010	S2_closed_holo	glycan_free	-4.403	22	27.07	437.4	6	42	candidate	CHEMBL1645247	4000.0	False	0.4671823864628981	11	8	11.594202898550725	8.0	11.764705882352942	-36.897
C0067	S2_closed_holo	glycan_free	-4.133	21	21.46	416.2	6	42	candidate	CHEMBL4468918	2800.0	False	0.3657149828533357	12	9	13.043478260869565	9.0	13.235294117647058	-36.627
C0121	S2_closed_holo	glycan_free	-3.953	23	31.31	454.6	6	42	candidate	CHEMBL4870333	800.0	False	0.5575385192977982	13	10	14.492753623188406	10.0	14.705882352941176	-36.447
C0088	S2_closed_holo	glycan_free	-3.778	23	31.3	437.3	6	42	candidate	CHEMBL1645126	3400.0	False	0.4825087080496573	13	11	15.942028985507246	11.0	16.176470588235293	-36.272
C0006	S2_closed_holo	glycan_free	-3.691	22	27.67	422.3	6	42	candidate	CHEMBL4514380	770.0	False	0.5812543812814158	13	12	17.391304347826086	12.0	17.647058823529413	-36.185
C0136	S2_closed_holo	glycan_free	-3.675	22	20.66	437.3	6	42	candidate	CHEMBL4862383	6600.0	False	0.5723024990356365	12	13	18.840579710144926	13.0	19.11764705882353	-36.169
C0009	S2_closed_holo	glycan_free	-3.577	21	21.65	422.3	6	42	candidate	CHEMBL1645131	4200.0	False	0.5575385192977982	13	14	20.28985507246377	14.0	20.58823529411765	-36.071
C0103	S2_closed_holo	glycan_free	-3.32	24	27.68	453.6	6	42	candidate	CHEMBL4563477	460.0	False	0.5662031160537385	12	15	21.73913043478261	15.0	22.058823529411764	-35.814
C0012	S2_closed_holo	glycan_free	-2.73	23	26.29	445.3	6	42	candidate	CHEMBL4467451	2300.0	False	0.3353709616309958	10	16	23.18840579710145	16.0	23.529411764705884	-35.224
C0119	S2_closed_holo	glycan_free	-2.425	23	22.46	445.3	6	42	candidate	CHEMBL4573301	59000.0	False	0.5830969663819203	11	17	24.63768115942029	17.0	25.0	-34.919
C0093	S2_closed_holo	glycan_free	-2.4	24	40.51	454.6	6	42	candidate	CHEMBL1645267	3200.0	False	0.4702754774729211	12	18	26.08695652173913	18.0	26.470588235294116	-34.894
C0124	S2_closed_holo	glycan_free	-2.398	24	35.1	445.3	6	42	candidate	CHEMBL1645266	1600.0	False	0.4825087080496573	13	19	27.536231884057973	19.0	27.941176470588236	-34.892
C0050	S2_closed_holo	glycan_free	-2.356	23	24.07	445.3	6	42	candidate	CHEMBL4441575	2100.0	False	0.5830969663819203	11	20	28.985507246376812	20.0	29.41176470588235	-34.85
C0011	S2_closed_holo	glycan_free	-2.276	23	25.68	445.3	6	42	candidate	CHEMBL4536283	3600.0	False	0.5830969663819203	11	21	30.434782608695652	21.0	30.88235294117647	-34.769999999999996
C0024	S2_closed_holo	glycan_free	-2.228	23	26.27	445.3	6	42	candidate	CHEMBL1645265	600.0	False	0.4049600619364856	11	22	31.884057971014492	22.0	32.35294117647059	-34.722
C0127	S2_closed_holo	glycan_free	-2.188	25	30.68	462.3	6	42	candidate	CHEMBL1645112	2200.0	False	0.4499528534133932	14	23	33.333333333333336	23.0	33.8235294117647	-34.682
C0147	S2_closed_holo	glycan_free	-2.164	24	36.5	462.3	6	42	candidate	CHEMBL1645270	2600.0	False	0.4552253430074546	12	24	34.78260869565217	24.0	35.294117647058826	-34.658
C0032	S2_closed_holo	glycan_free	-2.157	24	28.08	453.6	6	42	candidate	CHEMBL4556233	7600.0	False	0.5575385192977982	13	25	36.231884057971016	25.0	36.76470588235294	-34.650999999999996
C0149	S2_closed_holo	glycan_free	-1.911	30	73.77	533.1	6	42	candidate	CHEMBL5278363	390.0	False	0.5774111824035355	15	26	37.68115942028985	26.0	38.23529411764706	-34.405
C0070	S2_closed_holo	glycan_free	-1.759	31	59.55	533.1	6	42	candidate	CHEMBL4865734	11400.0	False	0.4854357356332389	15	27	39.130434782608695	27.0	39.705882352941174	-34.253
C0165	S2_closed_holo	glycan_free	-1.638	23	25.87	437.4	6	42	candidate	CHEMBL1645121	1900.0	False	0.4022918400701212	9	28	40.57971014492754	28.0	41.1764705882353	-34.132
C0047	S2_closed_holo	glycan_free	-1.613	25	30.68	462.3	6	42	candidate	CHEMBL1645256	1200.0	False	0.4628769995419202	10	29	42.028985507246375	29.0	42.64705882352941	-34.107
C0158	S2_closed_holo	glycan_free	-1.344	23	22.67	448.9	6	42	candidate	CHEMBL4444898	61000.0	False	0.2818720353593473	8	30	43.47826086956522	30.0	44.11764705882353	-33.838
C0038	S2_closed_holo	glycan_free	-1.154	33	84.02	555.6	6	42	candidate	CHEMBL4873037	8500.0	False	0.5546182392573344	18	31	44.927536231884055	31.0	45.588235294117645	-33.647999999999996
C0162	S2_closed_holo	glycan_free	-1.034	21	20.86	422.3	6	42	candidate	CHEMBL1645119	9400.0	False	0.4074189918857603	10	32	46.3768115942029	32.0	47.05882352941177	-33.528
C0040	S2_closed_holo	glycan_free	-1.002	25	25.08	453.6	6	42	candidate	CHEMBL1645118	300.0	False	0.52150264078548	12	33	47.82608695652174	33.0	48.529411764705884	-33.496
C0001	S2_closed_holo	glycan_free	-0.988	24	26.27	444.4	6	42	candidate	CHEMBL1645129	1000.0	False	0.5830969663819203	11	34	49.27536231884058	34.0	50.0	-33.482
C0099	S2_closed_holo	glycan_free	-0.872	24	29.29	452.7	6	42	candidate	CHEMBL4460156	27000.0	False	0.5830969663819203	11	35	50.72463768115942	35.0	51.470588235294116	-33.366
C0085	S2_closed_holo	glycan_free	-0.726	23	26.48	437.4	6	42	candidate	CHEMBL1645120	4200.0	False	0.5814539275432925	12	36	52.17391304347826	36.0	52.94117647058823	-33.22
C0128	S2_closed_holo	glycan_free	-0.697	26	36.5	462.3	6	42	candidate	CHEMBL1645261	58500.0	False	0.4745617300226344	13	37	53.6231884057971	37.0	54.411764705882355	-33.191
C0097	S2_closed_holo	glycan_free	-0.562	25	33.09	453.6	6	42	candidate	CHEMBL1645263	2400.0	False	0.4616662512769797	12	38	55.072463768115945	38.0	55.88235294117647	-33.056
C0117	S2_closed_holo	glycan_free	-0.47	30	63.77	489.0	6	42	control:BMS378806_83G	CHEMBL337301	8700.0	False	0.5861484994899476	11	39	56.52173913043478	39.0	57.35294117647059	-32.964
C0021	S2_closed_holo	glycan_free	-0.344	22	26.47	429.6	6	42	candidate	CHEMBL1645125	4300.0	False	0.5837107296824574	13	40	57.971014492753625	40.0	58.8235294117647	-32.838
C0013	S2_closed_holo	glycan_free	-0.325	28	51.95	480.4	6	42	candidate	CHEMBL1645287	61400.0	False	0.453116002563194	15	41	59.42028985507246	41.0	60.294117647058826	-32.819
C0055	S2_closed_holo	glycan_free	-0.219	23	25.07	445.3	6	42	candidate	CHEMBL4594134	1200.0	False	0.5718004769622163	10	42	60.869565217391305	42.0	61.76470588235294	-32.713
C0159	S2_closed_holo	glycan_free	-0.142	23	24.07	445.3	6	42	candidate	CHEMBL4471847	42000.0	False	0.3561190398272134	8	43	62.31884057971015	43.0	63.23529411764706	-32.636
C0105	S2_closed_holo	glycan_free	-0.14	23	23.07	445.3	6	42	candidate	CHEMBL4528442	63000.0	False	0.4646720177133723	9	44	63.768115942028984	44.0	64.70588235294117	-32.634
C0039	S2_closed_holo	glycan_free	0.238	37	144.38	642.0	6	42	candidate	CHEMBL4863990	120.0	False	0.5411452744957685	16	45	65.21739130434783	45.0	66.17647058823529	-32.256
C0102	S2_closed_holo	glycan_free	0.253	28	53.93	480.4	6	42	candidate	CHEMBL1645291	20500.0	False	0.5079451015739396	13	46	66.66666666666667	46.0	67.6470588235294	-32.241
C0135	S2_closed_holo	glycan_free	0.83	23	22.87	445.3	6	42	candidate	CHEMBL4463469	68000.0	False	0.5830969663819203	11	47	68.1159420289855	47.0	69.11764705882354	-31.664
C0025	S2_closed_holo	glycan_free	1.268	25	44.73	453.6	6	42	candidate	CHEMBL1645242	2300.0	False	0.4049600619364856	11	48	69.56521739130434	48.0	70.58823529411765	-31.226
C0020	S2_closed_holo	glycan_free	1.574	30	59.16	499.8	6	42	candidate	CHEMBL1645289	73600.0	False	0.483899088145261	14	49	71.01449275362319	49.0	72.05882352941177	-30.919999999999998
C0019	S2_closed_holo	glycan_free	1.795	31	51.56	498.9	6	42	candidate	CHEMBL238103	19.0	True	0.4057671388168813	16	50	72.46376811594203			-30.698999999999998
C0002	S2_closed_holo	glycan_free	1.842	26	30.88	471.2	6	42	candidate	CHEMBL4873946	6200.0	False	0.5575385192977982	13	51	73.91304347826087	50.0	73.52941176470588	-30.652
C0142	S2_closed_holo	glycan_free	2.785	23	24.07	445.3	6	42	candidate	CHEMBL4553472	4000.0	False	0.3897268785765439	10	52	75.3623188405797	51.0	75.0	-29.709
C0060	S2_closed_holo	glycan_free	3.113	23	29.27	437.4	6	42	candidate	CHEMBL1641635	3300.0	False	0.6000308046013525	12	53	76.81159420289855	52.0	76.47058823529412	-29.381
C0148	S2_closed_holo	glycan_free	5.777	28	62.36	511.9	6	42	candidate	CHEMBL4547005	460.0	False	0.4431968546009072	14	54	78.26086956521739	53.0	77.94117647058823	-26.717
C0115	S2_closed_holo	glycan_free	8.925	34	63.97	529.3	6	42	candidate	CHEMBL4573432	130.0	False	0.4694904242801648	13	55	79.71014492753623	54.0	79.41176470588235	-23.569
C0080	S2_closed_holo	glycan_free	11.628	22	27.47	429.6	6	42	candidate	CHEMBL1645132	2500.0	False	0.4552253430074546	12	56	81.15942028985508	55.0	80.88235294117646	-20.866
C0106	S2_closed_holo	glycan_free	11.63	46	335.48	1032.8	6	42	candidate	CHEMBL4859187	230.0	False	0.4142732121003397	17	57	82.6086956521739	56.0	82.3529411764706	-20.863999999999997
C0056	S2_closed_holo	glycan_free	12.039	32	120.51	508.1	6	42	candidate	CHEMBL318846	250000.0	False	0.5161946297075676	13	58	84.05797101449275	57.0	83.82352941176471	-20.455
C0029	S2_closed_holo	glycan_free	22.754	43	298.99	729.8	6	42	candidate	CHEMBL4873137	720.0	False	0.349486927356157	25	59	85.5072463768116	58.0	85.29411764705883	-9.739999999999998
C0100	S2_closed_holo	glycan_free	23.34	29	42.31	479.5	6	42	candidate	CHEMBL5204063	1.5	False	0.6117133896383872	12	60	86.95652173913044	59.0	86.76470588235294	-9.154
C0151	S2_closed_holo	glycan_free	25.186	26	33.29	471.2	6	42	candidate	CHEMBL4579482	46000.0	False	0.52150264078548	12	61	88.40579710144928	60.0	88.23529411764706	-7.308
C0116	S2_closed_holo	glycan_free	25.953	24	26.27	453.6	6	42	candidate	CHEMBL1645111	760.0	False	0.52150264078548	12	62	89.85507246376811	61.0	89.70588235294117	-6.541
C0101	S2_closed_holo	glycan_free	32.494	35	63.16	541.3	6	42	control:temsavir_83J	CHEMBL3301620	0.83	False	0.4815145623674209	18	63	91.30434782608695	62.0	91.17647058823529	0.0
C0108	S2_closed_holo	glycan_free	57.793	23	25.88	444.4	6	42	candidate	CHEMBL254781	170.0	False	0.5830969663819203	11	64	92.7536231884058	63.0	92.6470588235294	25.299
C0143	S2_closed_holo	glycan_free	66.631	23	29.28	448.8	6	42	candidate	CHEMBL1645255	3100.0	False	0.5679572494944287	9	65	94.20289855072464	64.0	94.11764705882354	34.137
C0096	S2_closed_holo	glycan_free	78.407	24	29.08	453.6	6	42	candidate	CHEMBL4473905	1200.0	False	0.3621853015875098	9	66	95.65217391304348	65.0	95.58823529411765	45.913
C0017	S2_closed_holo	glycan_free	143.124	26	28.5	462.3	6	42	candidate	CHEMBL1645130	1300.0	False	0.4772625686034226	11	67	97.10144927536231	66.0	97.05882352941177	110.63
C0094	S2_closed_holo	glycan_free	178.847	42	236.82	777.8	6	42	candidate	CHEMBL4859112	290.0	False	0.4255141358951513	17	68	98.55072463768116	67.0	98.52941176470588	146.353
C0153	S2_closed_holo	glycan_free	180.18	22	28.28	429.6	6	42	candidate	CHEMBL1645259	2100.0	False	0.4409992365119053	10	69	100.0	68.0	100.0	147.686
C0123	S2_closed_holo	glycosylated	-6.134	21	20.86	415.2	6	42	candidate	CHEMBL4517215	1800.0	False	0.3027113490377185	9	1	1.4492753623188406	1.0	1.4492753623188406	-339.154
C0084	S2_closed_holo	glycosylated	-6.061	21	24.27	429.7	6	42	candidate	CHEMBL1645124	3000.0	False	0.4825087080496573	13	2	2.898550724637681	2.0	2.898550724637681	-339.08099999999996
C0088	S2_closed_holo	glycosylated	-5.567	23	31.71	437.4	6	42	candidate	CHEMBL1645126	3400.0	False	0.5312036058745542	10	3	4.3478260869565215	3.0	4.3478260869565215	-338.587
C0010	S2_closed_holo	glycosylated	-5.212	22	27.28	437.4	6	42	candidate	CHEMBL1645247	4000.0	False	0.5122624738233327	12	4	5.797101449275362	4.0	5.797101449275362	-338.23199999999997
C0129	S2_closed_holo	glycosylated	-5.125	21	27.69	421.4	6	42	candidate	CHEMBL1645258	58600.0	False	0.5401221394287303	11	5	7.246376811594203	5.0	7.246376811594203	-338.145
C0153	S2_closed_holo	glycosylated	-4.9	22	26.48	429.7	6	42	candidate	CHEMBL1645259	2100.0	False	0.5639575487030848	9	6	8.695652173913043	6.0	8.695652173913043	-337.91999999999996
C0021	S2_closed_holo	glycosylated	-4.856	22	26.87	429.7	6	42	candidate	CHEMBL1645125	4300.0	False	0.2916328589263481	9	7	10.144927536231885	7.0	10.144927536231885	-337.876
C0124	S2_closed_holo	glycosylated	-4.777	24	33.49	445.4	6	42	candidate	CHEMBL1645266	1600.0	False	0.3895030035367176	8	8	11.594202898550725	8.0	11.594202898550725	-337.79699999999997
C0067	S2_closed_holo	glycosylated	-4.447	21	19.26	416.1	6	42	candidate	CHEMBL4468918	2800.0	False	0.3657149828533357	12	9	13.043478260869565	9.0	13.043478260869565	-337.467
C0121	S2_closed_holo	glycosylated	-4.405	23	31.69	454.6	6	42	candidate	CHEMBL4870333	800.0	False	0.4705369991341298	10	10	14.492753623188406	10.0	14.492753623188406	-337.42499999999995
C0109	S2_closed_holo	glycosylated	-4.282	25	42.73	435.5	6	42	candidate	CHEMBL98987	30000.0	False	0.3732545576127579	10	11	15.942028985507246	11.0	15.942028985507246	-337.30199999999996
C0099	S2_closed_holo	glycosylated	-4.126	24	30.28	452.7	6	42	candidate	CHEMBL4460156	27000.0	False	0.3998801951033437	11	12	17.391304347826086	12.0	17.391304347826086	-337.14599999999996
C0075	S2_closed_holo	glycosylated	-4.049	23	33.89	437.4	6	42	candidate	CHEMBL1645262	1700.0	False	0.5210592869491104	11	13	18.840579710144926	13.0	18.840579710144926	-337.06899999999996
C0128	S2_closed_holo	glycosylated	-3.83	26	34.49	462.3	6	42	candidate	CHEMBL1645261	58500.0	False	0.5048924809018789	13	14	20.28985507246377	14.0	20.28985507246377	-336.84999999999997
C0011	S2_closed_holo	glycosylated	-3.639	23	25.27	445.4	6	42	candidate	CHEMBL4536283	3600.0	False	0.5000733398191235	12	15	21.73913043478261	15.0	21.73913043478261	-336.659
C0143	S2_closed_holo	glycosylated	-3.593	23	29.29	445.4	6	42	candidate	CHEMBL1645255	3100.0	False	0.4860588461591868	13	16	23.18840579710145	16.0	23.18840579710145	-336.613
C0009	S2_closed_holo	glycosylated	-3.534	21	22.46	422.3	6	42	candidate	CHEMBL1645131	4200.0	False	0.3639356679660277	8	17	24.63768115942029	17.0	24.63768115942029	-336.554
C0012	S2_closed_holo	glycosylated	-2.843	23	25.87	445.4	6	42	candidate	CHEMBL4467451	2300.0	False	0.3965320955543699	11	18	26.08695652173913	18.0	26.08695652173913	-335.863
C0147	S2_closed_holo	glycosylated	-2.578	24	37.7	462.3	6	42	candidate	CHEMBL1645270	2600.0	False	0.483899088145261	14	19	27.536231884057973	19.0	27.536231884057973	-335.59799999999996
C0119	S2_closed_holo	glycosylated	-2.559	23	23.87	445.4	6	42	candidate	CHEMBL4573301	59000.0	False	0.5784621981261693	12	20	28.985507246376812	20.0	28.985507246376812	-335.579
C0060	S2_closed_holo	glycosylated	-2.215	23	27.89	437.4	6	42	candidate	CHEMBL1641635	3300.0	False	0.5575385192977982	13	21	30.434782608695652	21.0	30.434782608695652	-335.23499999999996
C0097	S2_closed_holo	glycosylated	-2.185	25	34.3	453.7	6	42	candidate	CHEMBL1645263	2400.0	False	0.5830969663819203	11	22	31.884057971014492	22.0	31.884057971014492	-335.205
C0105	S2_closed_holo	glycosylated	-2.138	23	22.46	445.4	6	42	candidate	CHEMBL4528442	63000.0	False	0.5329944142740751	11	23	33.333333333333336	23.0	33.333333333333336	-335.15799999999996
C0002	S2_closed_holo	glycosylated	-1.992	26	28.89	471.2	6	42	candidate	CHEMBL4873946	6200.0	False	0.5830969663819203	11	24	34.78260869565217	24.0	34.78260869565217	-335.012
C0165	S2_closed_holo	glycosylated	-1.939	23	24.66	437.4	6	42	candidate	CHEMBL1645121	1900.0	False	0.5830969663819203	11	25	36.231884057971016	25.0	36.231884057971016	-334.959
C0047	S2_closed_holo	glycosylated	-1.837	25	30.69	462.3	6	42	candidate	CHEMBL1645256	1200.0	False	0.4049600619364856	11	26	37.68115942028985	26.0	37.68115942028985	-334.85699999999997
C0142	S2_closed_holo	glycosylated	-1.648	23	24.67	445.4	6	42	candidate	CHEMBL4553472	4000.0	False	0.5755517596744099	11	27	39.130434782608695	27.0	39.130434782608695	-334.668
C0070	S2_closed_holo	glycosylated	-1.518	31	57.55	533.1	6	42	candidate	CHEMBL4865734	11400.0	False	0.4986791361038037	14	28	40.57971014492754	28.0	40.57971014492754	-334.53799999999995
C0013	S2_closed_holo	glycosylated	-1.455	28	50.54	480.4	6	42	candidate	CHEMBL1645287	61400.0	False	0.5666770418300316	16	29	42.028985507246375	29.0	42.028985507246375	-334.47499999999997
C0050	S2_closed_holo	glycosylated	-1.362	23	24.46	445.4	6	42	candidate	CHEMBL4441575	2100.0	False	0.5830969663819203	11	30	43.47826086956522	30.0	43.47826086956522	-334.382
C0024	S2_closed_holo	glycosylated	-1.311	23	25.88	445.4	6	42	candidate	CHEMBL1645265	600.0	False	0.4022918400701212	9	31	44.927536231884055	31.0	44.927536231884055	-334.33099999999996
C0025	S2_closed_holo	glycosylated	-1.302	25	44.72	453.7	6	42	candidate	CHEMBL1645242	2300.0	False	0.4628769995419203	10	32	46.3768115942029	32.0	46.3768115942029	-334.322
C0136	S2_closed_holo	glycosylated	-1.24	22	21.06	437.4	6	42	candidate	CHEMBL4862383	6600.0	False	0.3666224714270736	12	33	47.82608695652174	33.0	47.82608695652174	-334.26
C0159	S2_closed_holo	glycosylated	-1.167	23	23.27	445.4	6	42	candidate	CHEMBL4471847	42000.0	False	0.5276789391999316	11	34	49.27536231884058	34.0	49.27536231884058	-334.18699999999995
C0162	S2_closed_holo	glycosylated	-1.091	21	20.07	422.3	6	42	candidate	CHEMBL1645119	9400.0	False	0.5830969663819203	11	35	50.72463768115942	35.0	50.72463768115942	-334.111
C0085	S2_closed_holo	glycosylated	-1.068	23	28.28	437.4	6	42	candidate	CHEMBL1645120	4200.0	False	0.5144519400082442	10	36	52.17391304347826	36.0	52.17391304347826	-334.08799999999997
C0001	S2_closed_holo	glycosylated	-0.927	24	22.68	444.4	6	42	candidate	CHEMBL1645129	1000.0	False	0.5830969663819203	11	37	53.6231884057971	37.0	53.6231884057971	-333.947
C0093	S2_closed_holo	glycosylated	-0.84	24	40.71	454.6	6	42	candidate	CHEMBL1645267	3200.0	False	0.624905027532598	13	38	55.072463768115945	38.0	55.072463768115945	-333.85999999999996
C0055	S2_closed_holo	glycosylated	-0.737	23	22.86	445.4	6	42	candidate	CHEMBL4594134	1200.0	False	0.540105135946027	11	39	56.52173913043478	39.0	56.52173913043478	-333.757
C0116	S2_closed_holo	glycosylated	-0.712	24	26.08	453.7	6	42	candidate	CHEMBL1645111	760.0	False	0.5830969663819203	11	40	57.971014492753625	40.0	57.971014492753625	-333.73199999999997
C0135	S2_closed_holo	glycosylated	-0.572	23	24.27	445.4	6	42	candidate	CHEMBL4463469	68000.0	False	0.5640296797511722	8	41	59.42028985507246	41.0	59.42028985507246	-333.592
C0038	S2_closed_holo	glycosylated	-0.086	33	83.63	555.6	6	42	candidate	CHEMBL4873037	8500.0	False	0.3966982747964444	12	42	60.869565217391305	42.0	60.869565217391305	-333.106
C0032	S2_closed_holo	glycosylated	-0.04	24	24.48	453.7	6	42	candidate	CHEMBL4556233	7600.0	False	0.564239238818774	10	43	62.31884057971015	43.0	62.31884057971015	-333.06
C0096	S2_closed_holo	glycosylated	0.141	24	26.27	453.7	6	42	candidate	CHEMBL4473905	1200.0	False	0.3621853015875098	9	44	63.768115942028984	44.0	63.768115942028984	-332.87899999999996
C0040	S2_closed_holo	glycosylated	0.335	25	26.07	453.7	6	42	candidate	CHEMBL1645118	300.0	False	0.5380444062653384	12	45	65.21739130434783	45.0	65.21739130434783	-332.685
C0037	S2_closed_holo	glycosylated	1.301	21	17.06	414.3	6	42	candidate	CHEMBL223228	3.5	False	0.5490273268415664	10	46	66.66666666666667	46.0	66.66666666666667	-331.719
C0151	S2_closed_holo	glycosylated	1.884	26	31.08	471.2	6	42	candidate	CHEMBL4579482	46000.0	False	0.52150264078548	12	47	68.1159420289855	47.0	68.1159420289855	-331.13599999999997
C0149	S2_closed_holo	glycosylated	2.105	30	70.79	533.1	6	42	candidate	CHEMBL5278363	390.0	False	0.526171035702136	12	48	69.56521739130434	48.0	69.56521739130434	-330.91499999999996
C0117	S2_closed_holo	glycosylated	2.199	30	54.74	489.1	6	42	control:BMS378806_83G	CHEMBL337301	8700.0	False	0.4628769995419202	10	49	71.01449275362319	49.0	71.01449275362319	-330.82099999999997
C0103	S2_closed_holo	glycosylated	2.345	24	25.87	453.7	6	42	candidate	CHEMBL4563477	460.0	False	0.4772625686034226	11	50	72.46376811594203	50.0	72.46376811594203	-330.67499999999995
C0056	S2_closed_holo	glycosylated	2.413	32	103.32	508.1	6	42	candidate	CHEMBL318846	250000.0	False	0.5262770749077629	12	51	73.91304347826087	51.0	73.91304347826087	-330.60699999999997
C0074	S2_closed_holo	glycosylated	2.698	23	34.1	464.2	6	42	candidate	CHEMBL4872465	7000.0	False	0.4878915496973647	15	52	75.3623188405797	52.0	75.3623188405797	-330.322
C0127	S2_closed_holo	glycosylated	3.591	25	32.88	462.3	6	42	candidate	CHEMBL1645112	2200.0	False	0.5575385192977982	13	53	76.81159420289855	53.0	76.81159420289855	-329.429
C0108	S2_closed_holo	glycosylated	4.322	23	23.86	444.4	6	42	candidate	CHEMBL254781	170.0	False	0.5830969663819203	11	54	78.26086956521739	54.0	78.26086956521739	-328.698
C0094	S2_closed_holo	glycosylated	7.375	42	238.82	777.9	6	42	candidate	CHEMBL4859112	290.0	False	0.5503933208432157	20	55	79.71014492753623	55.0	79.71014492753623	-325.645
C0020	S2_closed_holo	glycosylated	7.615	30	62.17	499.8	6	42	candidate	CHEMBL1645289	73600.0	False	0.453116002563194	15	56	81.15942028985508	56.0	81.15942028985508	-325.405
C0039	S2_closed_holo	glycosylated	9.428	37	144.17	642.1	6	42	candidate	CHEMBL4863990	120.0	False	0.5201316849549003	16	57	82.6086956521739	57.0	82.6086956521739	-323.592
C0019	S2_closed_holo	glycosylated	9.894	31	52.54	498.9	6	42	candidate	CHEMBL238103	19.0	False	0.5187042434214888	16	58	84.05797101449275	58.0	84.05797101449275	-323.126
C0158	S2_closed_holo	glycosylated	10.935	23	21.86	445.4	6	42	candidate	CHEMBL4444898	61000.0	False	0.2634658410292711	7	59	85.5072463768116	59.0	85.5072463768116	-322.085
C0100	S2_closed_holo	glycosylated	11.089	29	41.11	479.5	6	42	candidate	CHEMBL5204063	1.5	False	0.6348581499565132	11	60	86.95652173913044	60.0	86.95652173913044	-321.931
C0115	S2_closed_holo	glycosylated	12.286	34	58.58	523.4	6	42	candidate	CHEMBL4573432	130.0	False	0.4561446173412879	14	61	88.40579710144928	61.0	88.40579710144928	-320.734
C0029	S2_closed_holo	glycosylated	12.914	43	290.79	746.7	6	42	candidate	CHEMBL4873137	720.0	False	0.4942800916213727	19	62	89.85507246376811	62.0	89.85507246376811	-320.106
C0102	S2_closed_holo	glycosylated	15.155	28	52.15	480.5	6	42	candidate	CHEMBL1645291	20500.0	False	0.4814473334958797	12	63	91.30434782608695	63.0	91.30434782608695	-317.865
C0017	S2_closed_holo	glycosylated	19.722	26	34.69	464.4	6	42	candidate	CHEMBL1645130	1300.0	False	0.5830969663819203	11	64	92.7536231884058	64.0	92.7536231884058	-313.298
C0106	S2_closed_holo	glycosylated	22.496	46	328.69	1042.4	6	42	candidate	CHEMBL4859187	230.0	False	0.3989074805860093	24	65	94.20289855072464	65.0	94.20289855072464	-310.524
C0148	S2_closed_holo	glycosylated	25.5	28	55.34	511.9	6	42	candidate	CHEMBL4547005	460.0	False	0.5553914641560203	14	66	95.65217391304348	66.0	95.65217391304348	-307.52
C0006	S2_closed_holo	glycosylated	44.287	22	26.89	422.3	6	42	candidate	CHEMBL4514380	770.0	False	0.5122624738233327	12	67	97.10144927536231	67.0	97.10144927536231	-288.733
C0080	S2_closed_holo	glycosylated	129.228	22	25.67	429.7	6	42	candidate	CHEMBL1645132	2500.0	False	0.2576847900966619	13	68	98.55072463768116	68.0	98.55072463768116	-203.79199999999997
C0101	S2_closed_holo	glycosylated	333.02	35	58.77	541.4	6	42	control:temsavir_83J	CHEMBL3301620	0.83	False	0.4356497394163248	13	69	100.0	69.0	100.0	0.0
C0106	S3_open_cd4	glycan_free	-9.238	46	351.11	871.7	6	42	candidate	CHEMBL4859187	230.0	False	0.3331748342097641	24	1	1.4492753623188406	1.0	1.4492753623188406	-1.5989999999999993
C0115	S3_open_cd4	glycan_free	-8.822	34	58.15	529.1	6	42	candidate	CHEMBL4573432	130.0	False	0.4357876659387568	20	2	2.898550724637681	2.0	2.898550724637681	-1.182999999999999
C0094	S3_open_cd4	glycan_free	-8.686	42	243.64	777.6	6	42	candidate	CHEMBL4859112	290.0	False	0.3428655472588385	22	3	4.3478260869565215	3.0	4.3478260869565215	-1.0469999999999997
C0070	S3_open_cd4	glycan_free	-8.581	31	52.14	532.8	6	42	candidate	CHEMBL4865734	11400.0	False	0.4899071906016856	21	4	5.797101449275362	4.0	5.797101449275362	-0.9419999999999993
C0038	S3_open_cd4	glycan_free	-8.564	33	74.79	555.3	6	42	candidate	CHEMBL4873037	8500.0	False	0.4988699896587873	21	5	7.246376811594203	5.0	7.246376811594203	-0.9249999999999998
C0047	S3_open_cd4	glycan_free	-8.525	25	28.07	462.0	6	42	candidate	CHEMBL1645256	1200.0	False	0.4152169165366832	19	6	8.695652173913043	6.0	8.695652173913043	-0.8860000000000001
C0020	S3_open_cd4	glycan_free	-8.524	30	57.96	499.5	6	42	candidate	CHEMBL1645289	73600.0	False	0.4093226210270861	21	7	10.144927536231885	7.0	10.144927536231885	-0.8849999999999989
C0002	S3_open_cd4	glycan_free	-8.513	26	28.08	470.9	6	42	candidate	CHEMBL4873946	6200.0	False	0.4174498397612934	19	8	11.594202898550725	8.0	11.594202898550725	-0.8739999999999997
C0151	S3_open_cd4	glycan_free	-8.498	26	26.48	470.9	6	42	candidate	CHEMBL4579482	46000.0	False	0.3965413812354162	18	9	13.043478260869565	9.0	13.043478260869565	-0.8589999999999991
C0012	S3_open_cd4	glycan_free	-8.449	23	21.26	445.1	6	42	candidate	CHEMBL4467451	2300.0	False	0.421678399413841	19	10	14.492753623188406	10.0	14.492753623188406	-0.8099999999999996
C0148	S3_open_cd4	glycan_free	-8.42	28	50.93	511.6	6	42	candidate	CHEMBL4547005	460.0	False	0.4953840120095829	20	11	15.942028985507246	11.0	15.942028985507246	-0.7809999999999997
C0097	S3_open_cd4	glycan_free	-8.406	25	28.08	453.4	6	42	candidate	CHEMBL1645263	2400.0	False	0.4655221360211567	21	12	17.391304347826086	12.0	17.391304347826086	-0.7670000000000003
C0011	S3_open_cd4	glycan_free	-8.398	23	21.67	445.1	6	42	candidate	CHEMBL4536283	3600.0	False	0.4158005467527818	18	13	18.840579710144926	13.0	18.840579710144926	-0.7589999999999995
C0013	S3_open_cd4	glycan_free	-8.397	28	43.51	480.2	6	42	candidate	CHEMBL1645287	61400.0	False	0.4444559156493445	21	14	20.28985507246377	14.0	20.28985507246377	-0.758
C0159	S3_open_cd4	glycan_free	-8.313	23	19.45	445.1	6	42	candidate	CHEMBL4471847	42000.0	False	0.3989358667813405	16	15	21.73913043478261	15.0	21.73913043478261	-0.6740000000000004
C0149	S3_open_cd4	glycan_free	-8.262	30	67.57	532.8	6	42	candidate	CHEMBL5278363	390.0	False	0.46621176789005	21	16	23.18840579710145	16.0	23.18840579710145	-0.6230000000000002
C0096	S3_open_cd4	glycan_free	-8.207	24	22.07	453.4	6	42	candidate	CHEMBL4473905	1200.0	False	0.4124871378512905	17	17	24.63768115942029	17.0	24.63768115942029	-0.5680000000000005
C0024	S3_open_cd4	glycan_free	-8.199	23	20.46	425.7	6	42	candidate	CHEMBL1645265	600.0	False	0.4152169165366832	19	18	26.08695652173913	18.0	26.08695652173913	-0.5599999999999996
C0116	S3_open_cd4	glycan_free	-8.172	24	22.47	453.4	6	42	candidate	CHEMBL1645111	760.0	False	0.4033229966236938	18	19	27.536231884057973	19.0	27.536231884057973	-0.5330000000000004
C0105	S3_open_cd4	glycan_free	-8.156	23	20.46	445.1	6	42	candidate	CHEMBL4528442	63000.0	False	0.4511625885785207	17	20	28.985507246376812	20.0	28.985507246376812	-0.5170000000000003
C0103	S3_open_cd4	glycan_free	-8.112	24	19.85	453.4	6	42	candidate	CHEMBL4563477	460.0	False	0.4242659216534201	19	21	30.434782608695652	21.0	30.434782608695652	-0.47299999999999986
C0017	S3_open_cd4	glycan_free	-8.071	26	21.27	462.0	6	42	candidate	CHEMBL1645130	1300.0	False	0.4242659216534201	19	22	31.884057971014492	22.0	31.884057971014492	-0.4319999999999995
C0142	S3_open_cd4	glycan_free	-8.067	23	20.87	445.1	6	42	candidate	CHEMBL4553472	4000.0	False	0.3989358667813405	16	23	33.333333333333336	23.0	33.333333333333336	-0.42799999999999994
C0067	S3_open_cd4	glycan_free	-8.045	21	15.24	415.8	6	42	candidate	CHEMBL4468918	2800.0	False	0.4032413156811518	17	24	34.78260869565217	24.0	34.78260869565217	-0.4059999999999997
C0099	S3_open_cd4	glycan_free	-8.032	24	25.66	452.4	6	42	candidate	CHEMBL4460156	27000.0	False	0.4010048608686609	18	25	36.231884057971016	25.0	36.231884057971016	-0.3929999999999998
C0147	S3_open_cd4	glycan_free	-8.028	24	32.28	462.0	6	42	candidate	CHEMBL1645270	2600.0	False	0.4739715417574185	19	26	37.68115942028985	26.0	37.68115942028985	-0.38900000000000023
C0128	S3_open_cd4	glycan_free	-8.026	26	31.3	445.8	6	42	candidate	CHEMBL1645261	58500.0	False	0.4139581422577272	19	27	39.130434782608695	27.0	39.130434782608695	-0.38699999999999957
C0158	S3_open_cd4	glycan_free	-7.984	23	17.65	445.1	6	42	candidate	CHEMBL4444898	61000.0	False	0.3989358667813405	16	28	40.57971014492754	28.0	40.57971014492754	-0.34499999999999975
C0001	S3_open_cd4	glycan_free	-7.982	24	19.86	444.1	6	42	candidate	CHEMBL1645129	1000.0	False	0.4464216065705549	18	29	42.028985507246375	29.0	42.028985507246375	-0.34299999999999997
C0119	S3_open_cd4	glycan_free	-7.947	23	17.25	445.1	6	42	candidate	CHEMBL4573301	59000.0	False	0.4577027166125962	16	30	43.47826086956522	30.0	43.47826086956522	-0.30799999999999983
C0127	S3_open_cd4	glycan_free	-7.942	25	27.08	462.0	6	42	candidate	CHEMBL1645112	2200.0	False	0.3914471945298329	21	31	44.927536231884055	31.0	44.927536231884055	-0.30299999999999994
C0136	S3_open_cd4	glycan_free	-7.924	22	17.64	437.1	6	42	candidate	CHEMBL4862383	6600.0	False	0.343331690912762	16	32	46.3768115942029	32.0	46.3768115942029	-0.28500000000000014
C0040	S3_open_cd4	glycan_free	-7.917	25	21.06	440.8	6	42	candidate	CHEMBL1645118	300.0	False	0.4242659216534201	19	33	47.82608695652174	33.0	47.82608695652174	-0.2779999999999996
C0055	S3_open_cd4	glycan_free	-7.916	23	20.26	445.1	6	42	candidate	CHEMBL4594134	1200.0	False	0.380353637999965	17	34	49.27536231884058	34.0	49.27536231884058	-0.27700000000000014
C0074	S3_open_cd4	glycan_free	-7.912	23	25.28	463.8	6	42	candidate	CHEMBL4872465	7000.0	False	0.4174498397612934	19	35	50.72463768115942	35.0	50.72463768115942	-0.2729999999999997
C0100	S3_open_cd4	glycan_free	-7.901	29	35.29	479.2	6	42	candidate	CHEMBL5204063	1.5	False	0.4517757287831121	17	36	52.17391304347826	36.0	52.17391304347826	-0.26199999999999957
C0143	S3_open_cd4	glycan_free	-7.875	23	23.07	445.1	6	42	candidate	CHEMBL1645255	3100.0	False	0.4653417676900256	18	37	53.6231884057971	37.0	53.6231884057971	-0.23599999999999977
C0010	S3_open_cd4	glycan_free	-7.871	22	19.65	437.1	6	42	candidate	CHEMBL1645247	4000.0	False	0.4221632918663842	17	38	55.072463768115945	38.0	55.072463768115945	-0.2320000000000002
C0102	S3_open_cd4	glycan_free	-7.857	28	51.14	480.2	6	42	candidate	CHEMBL1645291	20500.0	False	0.4369516665561138	21	39	56.52173913043478	39.0	56.52173913043478	-0.21799999999999997
C0032	S3_open_cd4	glycan_free	-7.843	24	21.46	453.3	6	42	candidate	CHEMBL4556233	7600.0	False	0.4033229966236938	18	40	57.971014492753625	40.0	57.971014492753625	-0.20399999999999974
C0021	S3_open_cd4	glycan_free	-7.779	22	20.26	429.4	6	42	candidate	CHEMBL1645125	4300.0	False	0.3951602964556864	19	41	59.42028985507246	41.0	59.42028985507246	-0.13999999999999968
C0009	S3_open_cd4	glycan_free	-7.774	21	15.65	422.0	6	42	candidate	CHEMBL1645131	4200.0	False	0.4653417676900256	18	42	60.869565217391305	42.0	60.869565217391305	-0.1349999999999998
C0084	S3_open_cd4	glycan_free	-7.695	21	17.86	429.3	6	42	candidate	CHEMBL1645124	3000.0	False	0.4381592343862996	17	43	62.31884057971015	43.0	62.31884057971015	-0.05600000000000005
C0080	S3_open_cd4	glycan_free	-7.665	22	20.66	429.4	6	42	candidate	CHEMBL1645132	2500.0	False	0.4221632918663842	17	44	63.768115942028984	44.0	63.768115942028984	-0.0259999999999998
C0101	S3_open_cd4	glycan_free	-7.639	35	60.16	516.0	6	42	control:temsavir_83J	CHEMBL3301620	0.83	False	0.5110902399128803	16	45	65.21739130434783	45.0	65.21739130434783	0.0
C0006	S3_open_cd4	glycan_free	-7.631	22	21.86	422.0	6	42	candidate	CHEMBL4514380	770.0	False	0.4432230296620568	18	46	66.66666666666667	46.0	66.66666666666667	0.008000000000000007
C0123	S3_open_cd4	glycan_free	-7.627	21	17.25	414.9	6	42	candidate	CHEMBL4517215	1800.0	False	0.421678399413841	19	47	68.1159420289855	47.0	68.1159420289855	0.012000000000000455
C0124	S3_open_cd4	glycan_free	-7.617	24	31.89	445.1	6	42	candidate	CHEMBL1645266	1600.0	False	0.4336713020388345	18	48	69.56521739130434	48.0	69.56521739130434	0.02200000000000024
C0162	S3_open_cd4	glycan_free	-7.609	21	16.85	422.0	6	42	candidate	CHEMBL1645119	9400.0	False	0.410143450771805	18	49	71.01449275362319	49.0	71.01449275362319	0.03000000000000025
C0093	S3_open_cd4	glycan_free	-7.589	24	34.3	454.3	6	42	candidate	CHEMBL1645267	3200.0	False	0.3770889779187985	17	50	72.46376811594203	50.0	72.46376811594203	0.04999999999999982
C0039	S3_open_cd4	glycan_free	-7.583	37	147.39	641.8	6	42	candidate	CHEMBL4863990	120.0	False	0.4808399262663448	21	51	73.91304347826087	51.0	73.91304347826087	0.05600000000000005
C0135	S3_open_cd4	glycan_free	-7.543	23	21.06	445.1	6	42	candidate	CHEMBL4463469	68000.0	False	0.380353637999965	17	52	75.3623188405797	52.0	75.3623188405797	0.09600000000000009
C0050	S3_open_cd4	glycan_free	-7.469	23	21.07	445.1	6	42	candidate	CHEMBL4441575	2100.0	False	0.4385928492164679	16	53	76.81159420289855	53.0	76.81159420289855	0.16999999999999993
C0075	S3_open_cd4	glycan_free	-7.469	23	25.27	437.1	6	42	candidate	CHEMBL1645262	1700.0	False	0.4336713020388345	18	54	78.26086956521739	54.0	78.26086956521739	0.16999999999999993
C0025	S3_open_cd4	glycan_free	-7.445	25	39.12	453.4	6	42	candidate	CHEMBL1645242	2300.0	False	0.4088785480470583	18	55	79.71014492753623	55.0	79.71014492753623	0.19399999999999995
C0153	S3_open_cd4	glycan_free	-7.444	22	22.66	429.4	6	42	candidate	CHEMBL1645259	2100.0	False	0.4133420276803031	18	56	81.15942028985508	56.0	81.15942028985508	0.19500000000000028
C0108	S3_open_cd4	glycan_free	-7.434	23	21.26	444.1	6	42	candidate	CHEMBL254781	170.0	False	0.3997399581439143	18	57	82.6086956521739	57.0	82.6086956521739	0.20500000000000007
C0088	S3_open_cd4	glycan_free	-7.349	23	26.28	437.0	6	42	candidate	CHEMBL1645126	3400.0	False	0.3477131515102882	16	58	84.05797101449275	58.0	84.05797101449275	0.29000000000000004
C0165	S3_open_cd4	glycan_free	-7.348	23	22.46	437.0	6	42	candidate	CHEMBL1645121	1900.0	False	0.3482388678728484	16	59	85.5072463768116	59.0	85.5072463768116	0.29100000000000037
C0060	S3_open_cd4	glycan_free	-7.342	23	25.27	437.1	6	42	candidate	CHEMBL1641635	3300.0	False	0.4156990021951694	18	60	86.95652173913044	60.0	86.95652173913044	0.2970000000000006
C0121	S3_open_cd4	glycan_free	-7.268	23	26.47	454.3	6	42	candidate	CHEMBL4870333	800.0	False	0.4773254339177898	15	61	88.40579710144928	61.0	88.40579710144928	0.37100000000000044
C0085	S3_open_cd4	glycan_free	-7.15	23	22.67	437.1	6	42	candidate	CHEMBL1645120	4200.0	False	0.4709324145882302	17	62	89.85507246376811	62.0	89.85507246376811	0.4889999999999999
C0129	S3_open_cd4	glycan_free	-7.095	21	19.66	421.0	6	42	candidate	CHEMBL1645258	58600.0	False	0.4366761093954342	16	63	91.30434782608695	63.0	91.30434782608695	0.5440000000000005
C0117	S3_open_cd4	glycan_free	-7.021	30	56.16	488.7	6	42	control:BMS378806_83G	CHEMBL337301	8700.0	False	0.4257347467327945	18	64	92.7536231884058	64.0	92.7536231884058	0.6180000000000003
C0037	S3_open_cd4	glycan_free	-6.774	21	14.44	413.9	6	42	candidate	CHEMBL223228	3.5	False	0.4359006895432689	12	65	94.20289855072464	65.0	94.20289855072464	0.8650000000000002
C0056	S3_open_cd4	glycan_free	-6.23	32	97.08	507.8	6	42	candidate	CHEMBL318846	250000.0	False	0.4284383923176939	18	66	95.65217391304348	66.0	95.65217391304348	1.4089999999999998
C0019	S3_open_cd4	glycan_free	-5.965	31	55.95	498.6	6	42	candidate	CHEMBL238103	19.0	False	0.537728762598256	15	67	97.10144927536231	67.0	97.10144927536231	1.6740000000000004
C0109	S3_open_cd4	glycan_free	-5.924	25	40.9	435.2	6	42	candidate	CHEMBL98987	30000.0	False	0.4118131111825108	13	68	98.55072463768116	68.0	98.55072463768116	1.7149999999999999
C0029	S3_open_cd4	glycan_free	4.797	43	319.25	749.4	6	42	candidate	CHEMBL4873137	720.0	False	0.4278704423287893	23	69	100.0	69.0	100.0	12.436
C0094	S3_open_cd4	glycosylated	-8.892	42	230.02	777.6	6	42	candidate	CHEMBL4859112	290.0	False	0.3986152820325093	24	1	1.4492753623188406	1.0	1.4492753623188406	-1.9069999999999991
C0070	S3_open_cd4	glycosylated	-8.704	31	55.75	532.9	6	42	candidate	CHEMBL4865734	11400.0	False	0.4899071906016856	21	2	2.898550724637681	2.0	2.898550724637681	-1.7190000000000003
C0106	S3_open_cd4	glycosylated	-8.682	46	338.69	984.7	6	42	candidate	CHEMBL4859187	230.0	False	0.3696909681677053	26	3	4.3478260869565215	3.0	4.3478260869565215	-1.697
C0020	S3_open_cd4	glycosylated	-8.534	30	58.76	499.6	6	42	candidate	CHEMBL1645289	73600.0	False	0.4492861259725189	19	4	5.797101449275362	4.0	5.797101449275362	-1.5490000000000004
C0047	S3_open_cd4	glycosylated	-8.522	25	27.28	462.0	6	42	candidate	CHEMBL1645256	1200.0	False	0.4152169165366832	19	5	7.246376811594203	5.0	7.246376811594203	-1.537
C0148	S3_open_cd4	glycosylated	-8.476	28	47.13	511.6	6	42	candidate	CHEMBL4547005	460.0	False	0.4379975283947712	18	6	8.695652173913043	6.0	8.695652173913043	-1.4910000000000005
C0151	S3_open_cd4	glycosylated	-8.443	26	24.66	471.0	6	42	candidate	CHEMBL4579482	46000.0	False	0.3826025505401914	19	7	10.144927536231885	7.0	10.144927536231885	-1.4579999999999993
C0097	S3_open_cd4	glycosylated	-8.414	25	27.28	453.4	6	42	candidate	CHEMBL1645263	2400.0	False	0.4655221360211567	21	8	11.594202898550725	8.0	11.594202898550725	-1.4289999999999994
C0013	S3_open_cd4	glycosylated	-8.363	28	41.52	480.1	6	42	candidate	CHEMBL1645287	61400.0	False	0.4257931492537359	22	9	13.043478260869565	9.0	13.043478260869565	-1.3779999999999992
C0149	S3_open_cd4	glycosylated	-8.252	30	65.17	532.9	6	42	candidate	CHEMBL5278363	390.0	False	0.46621176789005	21	10	14.492753623188406	10.0	14.492753623188406	-1.2670000000000003
C0159	S3_open_cd4	glycosylated	-8.217	23	20.06	445.1	6	42	candidate	CHEMBL4471847	42000.0	False	0.3989358667813405	16	11	15.942028985507246	11.0	15.942028985507246	-1.2320000000000002
C0024	S3_open_cd4	glycosylated	-8.206	23	20.46	445.1	6	42	candidate	CHEMBL1645265	600.0	False	0.4152169165366832	19	12	17.391304347826086	12.0	17.391304347826086	-1.2209999999999992
C0096	S3_open_cd4	glycosylated	-8.202	24	20.86	453.4	6	42	candidate	CHEMBL4473905	1200.0	False	0.4124871378512905	17	13	18.840579710144926	13.0	18.840579710144926	-1.2169999999999996
C0012	S3_open_cd4	glycosylated	-8.199	23	20.26	445.1	6	42	candidate	CHEMBL4467451	2300.0	False	0.4158005467527818	18	14	20.28985507246377	14.0	20.28985507246377	-1.2139999999999995
C0116	S3_open_cd4	glycosylated	-8.169	24	22.26	458.9	6	42	candidate	CHEMBL1645111	760.0	False	0.4033229966236938	18	15	21.73913043478261	15.0	21.73913043478261	-1.1840000000000002
C0105	S3_open_cd4	glycosylated	-8.128	23	19.26	445.1	6	42	candidate	CHEMBL4528442	63000.0	False	0.4511625885785207	17	16	23.18840579710145	16.0	23.18840579710145	-1.1429999999999998
C0103	S3_open_cd4	glycosylated	-8.117	24	21.26	453.4	6	42	candidate	CHEMBL4563477	460.0	False	0.4242659216534201	19	17	24.63768115942029	17.0	24.63768115942029	-1.1320000000000006
C0017	S3_open_cd4	glycosylated	-8.073	26	20.66	462.0	6	42	candidate	CHEMBL1645130	1300.0	False	0.4242659216534201	19	18	26.08695652173913	18.0	26.08695652173913	-1.088
C0128	S3_open_cd4	glycosylated	-8.071	26	33.7	462.0	6	42	candidate	CHEMBL1645261	58500.0	False	0.4825250668839369	20	19	27.536231884057973	19.0	27.536231884057973	-1.0859999999999994
C0067	S3_open_cd4	glycosylated	-8.049	21	15.46	415.8	6	42	candidate	CHEMBL4468918	2800.0	False	0.4263267069771015	16	20	28.985507246376812	20.0	28.985507246376812	-1.0639999999999992
C0147	S3_open_cd4	glycosylated	-8.047	24	28.68	462.0	6	42	candidate	CHEMBL1645270	2600.0	False	0.4739715417574185	19	21	30.434782608695652	21.0	30.434782608695652	-1.0620000000000003
C0142	S3_open_cd4	glycosylated	-8.043	23	19.06	445.1	6	42	candidate	CHEMBL4553472	4000.0	False	0.3989358667813405	16	22	31.884057971014492	22.0	31.884057971014492	-1.057999999999999
C0158	S3_open_cd4	glycosylated	-8.022	23	17.86	445.1	6	42	candidate	CHEMBL4444898	61000.0	False	0.3989358667813405	16	23	33.333333333333336	23.0	33.333333333333336	-1.037
C0001	S3_open_cd4	glycosylated	-7.986	24	19.45	444.1	6	42	candidate	CHEMBL1645129	1000.0	False	0.4464216065705549	18	24	34.78260869565217	24.0	34.78260869565217	-1.0009999999999994
C0055	S3_open_cd4	glycosylated	-7.935	23	19.86	445.1	6	42	candidate	CHEMBL4594134	1200.0	False	0.380353637999965	17	25	36.231884057971016	25.0	36.231884057971016	-0.9499999999999993
C0074	S3_open_cd4	glycosylated	-7.922	23	29.09	463.9	6	42	candidate	CHEMBL4872465	7000.0	False	0.4174498397612934	19	26	37.68115942028985	26.0	37.68115942028985	-0.9369999999999994
C0136	S3_open_cd4	glycosylated	-7.92	22	17.04	437.1	6	42	candidate	CHEMBL4862383	6600.0	False	0.343331690912762	16	27	39.130434782608695	27.0	39.130434782608695	-0.9349999999999996
C0100	S3_open_cd4	glycosylated	-7.915	29	35.9	439.2	6	42	candidate	CHEMBL5204063	1.5	False	0.4517757287831121	17	28	40.57971014492754	28.0	40.57971014492754	-0.9299999999999997
C0040	S3_open_cd4	glycosylated	-7.906	25	22.26	453.3	6	42	candidate	CHEMBL1645118	300.0	False	0.4242659216534201	19	29	42.028985507246375	29.0	42.028985507246375	-0.9209999999999994
C0127	S3_open_cd4	glycosylated	-7.904	25	28.07	462.0	6	42	candidate	CHEMBL1645112	2200.0	False	0.3914471945298329	21	30	43.47826086956522	30.0	43.47826086956522	-0.9189999999999996
C0119	S3_open_cd4	glycosylated	-7.902	23	17.06	445.1	6	42	candidate	CHEMBL4573301	59000.0	False	0.421678399413841	19	31	44.927536231884055	31.0	44.927536231884055	-0.9169999999999998
C0032	S3_open_cd4	glycosylated	-7.891	24	22.27	453.4	6	42	candidate	CHEMBL4556233	7600.0	False	0.4033229966236938	18	32	46.3768115942029	32.0	46.3768115942029	-0.9059999999999997
C0010	S3_open_cd4	glycosylated	-7.882	22	20.47	437.1	6	42	candidate	CHEMBL1645247	4000.0	False	0.4221632918663842	17	33	47.82608695652174	33.0	47.82608695652174	-0.8969999999999994
C0143	S3_open_cd4	glycosylated	-7.836	23	25.27	445.1	6	42	candidate	CHEMBL1645255	3100.0	False	0.4739715417574185	19	34	49.27536231884058	34.0	49.27536231884058	-0.851
C0002	S3_open_cd4	glycosylated	-7.807	26	27.48	470.9	6	42	candidate	CHEMBL4873946	6200.0	False	0.5138907542297937	19	35	50.72463768115942	35.0	50.72463768115942	-0.8220000000000001
C0060	S3_open_cd4	glycosylated	-7.771	23	25.47	437.0	6	42	candidate	CHEMBL1641635	3300.0	False	0.4047463783180469	20	36	52.17391304347826	36.0	52.17391304347826	-0.7859999999999996
C0108	S3_open_cd4	glycosylated	-7.76	23	21.65	444.1	6	42	candidate	CHEMBL254781	170.0	False	0.3989358667813405	16	37	53.6231884057971	37.0	53.6231884057971	-0.7749999999999995
C0102	S3_open_cd4	glycosylated	-7.747	28	46.14	480.2	6	42	candidate	CHEMBL1645291	20500.0	False	0.4247086301692603	19	38	55.072463768115945	38.0	55.072463768115945	-0.7619999999999996
C0099	S3_open_cd4	glycosylated	-7.731	24	23.68	452.4	6	42	candidate	CHEMBL4460156	27000.0	False	0.3875752953332591	17	39	56.52173913043478	39.0	56.52173913043478	-0.7459999999999996
C0123	S3_open_cd4	glycosylated	-7.726	21	16.85	414.9	6	42	candidate	CHEMBL4517215	1800.0	False	0.421678399413841	19	40	57.971014492753625	40.0	57.971014492753625	-0.7409999999999997
C0009	S3_open_cd4	glycosylated	-7.724	21	16.45	422.0	6	42	candidate	CHEMBL1645131	4200.0	False	0.4653417676900256	18	41	59.42028985507246	41.0	59.42028985507246	-0.7389999999999999
C0084	S3_open_cd4	glycosylated	-7.705	21	18.26	429.3	6	42	candidate	CHEMBL1645124	3000.0	False	0.4487785810854213	18	42	60.869565217391305	42.0	60.869565217391305	-0.7199999999999998
C0021	S3_open_cd4	glycosylated	-7.694	22	22.66	429.3	6	42	candidate	CHEMBL1645125	4300.0	False	0.4156990021951694	18	43	62.31884057971015	43.0	62.31884057971015	-0.7089999999999996
C0080	S3_open_cd4	glycosylated	-7.694	22	20.86	429.3	6	42	candidate	CHEMBL1645132	2500.0	False	0.4221632918663842	17	44	63.768115942028984	44.0	63.768115942028984	-0.7089999999999996
C0011	S3_open_cd4	glycosylated	-7.674	23	20.46	445.1	6	42	candidate	CHEMBL4536283	3600.0	False	0.3936872300762426	17	45	65.21739130434783	45.0	65.21739130434783	-0.6890000000000001
C0162	S3_open_cd4	glycosylated	-7.63	21	17.05	422.0	6	42	candidate	CHEMBL1645119	9400.0	False	0.410143450771805	18	46	66.66666666666667	46.0	66.66666666666667	-0.6449999999999996
C0006	S3_open_cd4	glycosylated	-7.616	22	21.46	421.9	6	42	candidate	CHEMBL4514380	770.0	False	0.4515461443267973	20	47	68.1159420289855	47.0	68.1159420289855	-0.6309999999999993
C0093	S3_open_cd4	glycosylated	-7.566	24	34.5	454.3	6	42	candidate	CHEMBL1645267	3200.0	False	0.4247086301692603	19	48	69.56521739130434	48.0	69.56521739130434	-0.5809999999999995
C0124	S3_open_cd4	glycosylated	-7.554	24	28.48	445.1	6	42	candidate	CHEMBL1645266	1600.0	False	0.421678399413841	19	49	71.01449275362319	49.0	71.01449275362319	-0.569
C0135	S3_open_cd4	glycosylated	-7.55	23	20.46	445.1	6	42	candidate	CHEMBL4463469	68000.0	False	0.380353637999965	17	50	72.46376811594203	50.0	72.46376811594203	-0.5649999999999995
C0019	S3_open_cd4	glycosylated	-7.478	31	43.71	498.6	6	42	candidate	CHEMBL238103	19.0	False	0.5237793180206032	20	51	73.91304347826087	51.0	73.91304347826087	-0.49299999999999944
C0075	S3_open_cd4	glycosylated	-7.476	23	25.87	437.0	6	42	candidate	CHEMBL1645262	1700.0	False	0.4336713020388345	18	52	75.3623188405797	52.0	75.3623188405797	-0.49099999999999966
C0050	S3_open_cd4	glycosylated	-7.47	23	20.26	445.1	6	42	candidate	CHEMBL4441575	2100.0	False	0.4385928492164679	16	53	76.81159420289855	53.0	76.81159420289855	-0.48499999999999943
C0029	S3_open_cd4	glycosylated	-7.414	43	307.18	767.0	6	42	candidate	CHEMBL4873137	720.0	False	0.4238182628706926	23	54	78.26086956521739	54.0	78.26086956521739	-0.4289999999999994
C0165	S3_open_cd4	glycosylated	-7.413	23	22.46	437.1	6	42	candidate	CHEMBL1645121	1900.0	False	0.4577027166125962	16	55	79.71014492753623	55.0	79.71014492753623	-0.42799999999999994
C0153	S3_open_cd4	glycosylated	-7.388	22	22.06	429.3	6	42	candidate	CHEMBL1645259	2100.0	False	0.3929273732310761	19	56	81.15942028985508	56.0	81.15942028985508	-0.4029999999999996
C0088	S3_open_cd4	glycosylated	-7.361	23	25.87	437.0	6	42	candidate	CHEMBL1645126	3400.0	False	0.3477131515102882	16	57	82.6086956521739	57.0	82.6086956521739	-0.37599999999999945
C0121	S3_open_cd4	glycosylated	-7.296	23	25.87	454.3	6	42	candidate	CHEMBL4870333	800.0	False	0.4496097852320504	16	58	84.05797101449275	58.0	84.05797101449275	-0.31099999999999994
C0039	S3_open_cd4	glycosylated	-7.263	37	151.79	641.8	6	42	candidate	CHEMBL4863990	120.0	False	0.4914256181690936	20	59	85.5072463768116	59.0	85.5072463768116	-0.2779999999999996
C0085	S3_open_cd4	glycosylated	-7.156	23	23.26	437.0	6	42	candidate	CHEMBL1645120	4200.0	False	0.4327716776910292	17	60	86.95652173913044	60.0	86.95652173913044	-0.17099999999999937
C0129	S3_open_cd4	glycosylated	-7.093	21	21.26	421.0	6	42	candidate	CHEMBL1645258	58600.0	False	0.4366761093954342	16	61	88.40579710144928	61.0	88.40579710144928	-0.10799999999999965
C0101	S3_open_cd4	glycosylated	-6.985	35	59.76	541.1	6	42	control:temsavir_83J	CHEMBL3301620	0.83	False	0.5027038268523633	17	62	89.85507246376811	62.0	89.85507246376811	0.0
C0025	S3_open_cd4	glycosylated	-6.957	25	40.5	453.4	6	42	candidate	CHEMBL1645242	2300.0	False	0.3352419533393029	17	63	91.30434782608695	63.0	91.30434782608695	0.02800000000000047
C0117	S3_open_cd4	glycosylated	-6.95	30	54.14	488.8	6	42	control:BMS378806_83G	CHEMBL337301	8700.0	False	0.4487853168379027	17	64	92.7536231884058	64.0	92.7536231884058	0.03500000000000014
C0037	S3_open_cd4	glycosylated	-6.759	21	14.64	413.9	6	42	candidate	CHEMBL223228	3.5	False	0.4359006895432689	12	65	94.20289855072464	65.0	94.20289855072464	0.22599999999999998
C0056	S3_open_cd4	glycosylated	-6.643	32	89.04	507.8	6	42	candidate	CHEMBL318846	250000.0	False	0.501397670287703	17	66	95.65217391304348	66.0	95.65217391304348	0.3420000000000005
C0038	S3_open_cd4	glycosylated	-6.616	33	83.02	555.3	6	42	candidate	CHEMBL4873037	8500.0	False	0.5305007420458312	14	67	97.10144927536231	67.0	97.10144927536231	0.36900000000000066
C0109	S3_open_cd4	glycosylated	-5.591	25	39.5	435.2	6	42	candidate	CHEMBL98987	30000.0	False	0.4356755772172573	12	68	98.55072463768116	68.0	98.55072463768116	1.3940000000000001
C0115	S3_open_cd4	glycosylated	-3.928	34	58.56	529.1	6	42	candidate	CHEMBL4573432	130.0	False	0.4008190662696111	17	69	100.0	69.0	100.0	3.0570000000000004
C0151	S4_cd4_cladeCRF	glycan_free	-9.217	26	28.3	456.9	6	42	candidate	CHEMBL4579482	46000.0	False	0.4460607496898678	21	1	1.4492753623188406	1.0	1.4492753623188406	-2.282000000000001
C0070	S4_cd4_cladeCRF	glycan_free	-9.148	31	55.15	532.8	6	42	candidate	CHEMBL4865734	11400.0	False	0.4178275106953607	19	2	2.898550724637681	2.0	2.898550724637681	-2.213
C0103	S4_cd4_cladeCRF	glycan_free	-9.023	24	20.46	453.3	6	42	candidate	CHEMBL4563477	460.0	False	0.4114086059959977	19	3	4.3478260869565215	3.0	4.3478260869565215	-2.088
C0017	S4_cd4_cladeCRF	glycan_free	-8.766	26	23.06	461.9	6	42	candidate	CHEMBL1645130	1300.0	False	0.4637017483395753	19	4	5.797101449275362	4.0	5.797101449275362	-1.8310000000000004
C0149	S4_cd4_cladeCRF	glycan_free	-8.702	30	63.58	532.8	6	42	candidate	CHEMBL5278363	390.0	False	0.4043152112036639	18	5	7.246376811594203	5.0	7.246376811594203	-1.7670000000000003
C0040	S4_cd4_cladeCRF	glycan_free	-8.629	25	24.47	453.3	6	42	candidate	CHEMBL1645118	300.0	False	0.4637017483395753	19	6	8.695652173913043	6.0	8.695652173913043	-1.694
C0119	S4_cd4_cladeCRF	glycan_free	-8.555	23	18.45	445.0	6	42	candidate	CHEMBL4573301	59000.0	False	0.3982558323494717	16	7	10.144927536231885	7.0	10.144927536231885	-1.62
C0116	S4_cd4_cladeCRF	glycan_free	-8.548	24	21.06	453.3	6	42	candidate	CHEMBL1645111	760.0	False	0.4637017483395753	19	8	11.594202898550725	8.0	11.594202898550725	-1.6130000000000004
C0047	S4_cd4_cladeCRF	glycan_free	-8.534	25	27.07	461.9	6	42	candidate	CHEMBL1645256	1200.0	False	0.4873067993642621	21	9	13.043478260869565	9.0	13.043478260869565	-1.599000000000001
C0032	S4_cd4_cladeCRF	glycan_free	-8.465	24	21.86	449.5	6	42	candidate	CHEMBL4556233	7600.0	False	0.4637017483395753	19	10	14.492753623188406	10.0	14.492753623188406	-1.5300000000000002
C0050	S4_cd4_cladeCRF	glycan_free	-8.439	23	18.66	445.0	6	42	candidate	CHEMBL4441575	2100.0	False	0.4118471054448259	17	11	15.942028985507246	11.0	15.942028985507246	-1.5040000000000004
C0001	S4_cd4_cladeCRF	glycan_free	-8.377	24	20.45	444.1	6	42	candidate	CHEMBL1645129	1000.0	False	0.4509315530596125	17	12	17.391304347826086	12.0	17.391304347826086	-1.442000000000001
C0024	S4_cd4_cladeCRF	glycan_free	-8.368	23	19.86	445.0	6	42	candidate	CHEMBL1645265	600.0	False	0.399212264080362	17	13	18.840579710144926	13.0	18.840579710144926	-1.4330000000000007
C0136	S4_cd4_cladeCRF	glycan_free	-8.279	22	17.85	437.0	6	42	candidate	CHEMBL4862383	6600.0	False	0.5177724950639899	17	14	20.28985507246377	14.0	20.28985507246377	-1.3440000000000003
C0010	S4_cd4_cladeCRF	glycan_free	-8.233	22	20.26	437.0	6	42	candidate	CHEMBL1645247	4000.0	False	0.4802067655839506	20	15	21.73913043478261	15.0	21.73913043478261	-1.298000000000001
C0148	S4_cd4_cladeCRF	glycan_free	-8.189	28	52.34	511.6	6	42	candidate	CHEMBL4547005	460.0	False	0.3982093148178423	20	16	23.18840579710145	16.0	23.18840579710145	-1.2540000000000004
C0084	S4_cd4_cladeCRF	glycan_free	-8.136	21	19.48	429.3	6	42	candidate	CHEMBL1645124	3000.0	False	0.4637017483395753	19	17	24.63768115942029	17.0	24.63768115942029	-1.2009999999999996
C0097	S4_cd4_cladeCRF	glycan_free	-8.127	25	27.68	453.3	6	42	candidate	CHEMBL1645263	2400.0	False	0.4759617439115902	17	18	26.08695652173913	18.0	26.08695652173913	-1.192000000000001
C0067	S4_cd4_cladeCRF	glycan_free	-8.072	21	14.45	415.8	6	42	candidate	CHEMBL4468918	2800.0	False	0.3710789566744738	19	19	27.536231884057973	19.0	27.536231884057973	-1.1369999999999996
C0102	S4_cd4_cladeCRF	glycan_free	-8.072	28	47.53	436.0	6	42	candidate	CHEMBL1645291	20500.0	False	0.4719820346711211	20	20	28.985507246376812	20.0	28.985507246376812	-1.1369999999999996
C0142	S4_cd4_cladeCRF	glycan_free	-8.056	23	19.06	445.0	6	42	candidate	CHEMBL4553472	4000.0	False	0.4637017483395753	19	21	30.434782608695652	21.0	30.434782608695652	-1.1209999999999996
C0127	S4_cd4_cladeCRF	glycan_free	-8.053	25	27.68	461.9	6	42	candidate	CHEMBL1645112	2200.0	False	0.3966026972983985	18	22	31.884057971014492	22.0	31.884057971014492	-1.1180000000000012
C0117	S4_cd4_cladeCRF	glycan_free	-8.045	30	51.33	480.3	6	42	control:BMS378806_83G	CHEMBL337301	8700.0	False	0.5024196655798953	15	23	33.333333333333336	23.0	33.333333333333336	-1.1100000000000003
C0074	S4_cd4_cladeCRF	glycan_free	-8.044	23	28.27	463.8	6	42	candidate	CHEMBL4872465	7000.0	False	0.376438310761715	19	24	34.78260869565217	24.0	34.78260869565217	-1.1090000000000009
C0013	S4_cd4_cladeCRF	glycan_free	-8.038	28	46.52	480.1	6	42	candidate	CHEMBL1645287	61400.0	False	0.4507192517413054	21	25	36.231884057971016	25.0	36.231884057971016	-1.1030000000000006
C0105	S4_cd4_cladeCRF	glycan_free	-8.003	23	17.46	445.0	6	42	candidate	CHEMBL4528442	63000.0	False	0.4307690816300582	17	26	37.68115942028985	26.0	37.68115942028985	-1.0680000000000005
C0020	S4_cd4_cladeCRF	glycan_free	-7.976	30	60.78	499.5	6	42	candidate	CHEMBL1645289	73600.0	False	0.4554084742047692	20	27	39.130434782608695	27.0	39.130434782608695	-1.0410000000000004
C0009	S4_cd4_cladeCRF	glycan_free	-7.965	21	15.66	421.9	6	42	candidate	CHEMBL1645131	4200.0	False	0.4824927610936876	18	28	40.57971014492754	28.0	40.57971014492754	-1.0300000000000002
C0108	S4_cd4_cladeCRF	glycan_free	-7.962	23	18.85	444.1	6	42	candidate	CHEMBL254781	170.0	False	0.3822092256680648	17	29	42.028985507246375	29.0	42.028985507246375	-1.0270000000000001
C0143	S4_cd4_cladeCRF	glycan_free	-7.957	23	22.86	445.0	6	42	candidate	CHEMBL1645255	3100.0	False	0.4170953073493215	20	30	43.47826086956522	30.0	43.47826086956522	-1.0220000000000002
C0100	S4_cd4_cladeCRF	glycan_free	-7.857	29	36.7	479.1	6	42	candidate	CHEMBL5204063	1.5	False	0.394212713373321	14	31	44.927536231884055	31.0	44.927536231884055	-0.9220000000000006
C0124	S4_cd4_cladeCRF	glycan_free	-7.852	24	30.08	444.9	6	42	candidate	CHEMBL1645266	1600.0	False	0.4320904240823015	19	32	46.3768115942029	32.0	46.3768115942029	-0.9170000000000007
C0158	S4_cd4_cladeCRF	glycan_free	-7.835	23	20.05	445.0	6	42	candidate	CHEMBL4444898	61000.0	False	0.4261058086305879	17	33	47.82608695652174	33.0	47.82608695652174	-0.9000000000000004
C0012	S4_cd4_cladeCRF	glycan_free	-7.82	23	18.46	445.0	6	42	candidate	CHEMBL4467451	2300.0	False	0.4380359280580017	19	34	49.27536231884058	34.0	49.27536231884058	-0.8850000000000007
C0025	S4_cd4_cladeCRF	glycan_free	-7.795	25	35.71	453.3	6	42	candidate	CHEMBL1645242	2300.0	False	0.4607204744488269	20	35	50.72463768115942	35.0	50.72463768115942	-0.8600000000000003
C0021	S4_cd4_cladeCRF	glycan_free	-7.748	22	22.46	429.3	6	42	candidate	CHEMBL1645125	4300.0	False	0.399212264080362	17	36	52.17391304347826	36.0	52.17391304347826	-0.8130000000000006
C0006	S4_cd4_cladeCRF	glycan_free	-7.726	22	21.66	422.0	6	42	candidate	CHEMBL4514380	770.0	False	0.378448449028397	18	37	53.6231884057971	37.0	53.6231884057971	-0.7910000000000004
C0135	S4_cd4_cladeCRF	glycan_free	-7.723	23	20.66	445.0	6	42	candidate	CHEMBL4463469	68000.0	False	0.5041615585147614	16	38	55.072463768115945	38.0	55.072463768115945	-0.7880000000000003
C0162	S4_cd4_cladeCRF	glycan_free	-7.717	21	16.25	421.9	6	42	candidate	CHEMBL1645119	9400.0	False	0.4271646044948872	18	39	56.52173913043478	39.0	56.52173913043478	-0.782
C0121	S4_cd4_cladeCRF	glycan_free	-7.684	23	24.67	454.3	6	42	candidate	CHEMBL4870333	800.0	False	0.4984013804859898	17	40	57.971014492753625	40.0	57.971014492753625	-0.7490000000000006
C0123	S4_cd4_cladeCRF	glycan_free	-7.619	21	16.45	414.9	6	42	candidate	CHEMBL4517215	1800.0	False	0.4117590825354359	20	41	59.42028985507246	41.0	59.42028985507246	-0.6840000000000002
C0094	S4_cd4_cladeCRF	glycan_free	-7.618	42	218.39	777.5	6	42	candidate	CHEMBL4859112	290.0	False	0.4475215931368705	22	42	60.869565217391305	42.0	60.869565217391305	-0.6830000000000007
C0099	S4_cd4_cladeCRF	glycan_free	-7.6	24	26.27	452.4	6	42	candidate	CHEMBL4460156	27000.0	False	0.4431898629341818	19	43	62.31884057971015	43.0	62.31884057971015	-0.665
C0159	S4_cd4_cladeCRF	glycan_free	-7.579	23	18.86	445.0	6	42	candidate	CHEMBL4471847	42000.0	False	0.4484724704643785	18	44	63.768115942028984	44.0	63.768115942028984	-0.6440000000000001
C0075	S4_cd4_cladeCRF	glycan_free	-7.551	23	23.87	437.0	6	42	candidate	CHEMBL1645262	1700.0	False	0.4637017483395753	19	45	65.21739130434783	45.0	65.21739130434783	-0.6160000000000005
C0060	S4_cd4_cladeCRF	glycan_free	-7.539	23	26.27	437.0	6	42	candidate	CHEMBL1641635	3300.0	False	0.4775460002926075	21	46	66.66666666666667	46.0	66.66666666666667	-0.6040000000000001
C0055	S4_cd4_cladeCRF	glycan_free	-7.524	23	21.86	445.0	6	42	candidate	CHEMBL4594134	1200.0	False	0.4504756243724635	18	47	68.1159420289855	47.0	68.1159420289855	-0.5890000000000004
C0153	S4_cd4_cladeCRF	glycan_free	-7.524	22	22.87	429.3	6	42	candidate	CHEMBL1645259	2100.0	False	0.4637017483395753	19	48	69.56521739130434	48.0	69.56521739130434	-0.5890000000000004
C0165	S4_cd4_cladeCRF	glycan_free	-7.509	23	23.48	437.0	6	42	candidate	CHEMBL1645121	1900.0	False	0.5001875592339943	20	49	71.01449275362319	49.0	71.01449275362319	-0.5740000000000007
C0096	S4_cd4_cladeCRF	glycan_free	-7.503	24	23.28	453.3	6	42	candidate	CHEMBL4473905	1200.0	False	0.418084664719808	16	50	72.46376811594203	50.0	72.46376811594203	-0.5680000000000005
C0088	S4_cd4_cladeCRF	glycan_free	-7.481	23	25.88	437.0	6	42	candidate	CHEMBL1645126	3400.0	False	0.4873067993642621	21	51	73.91304347826087	51.0	73.91304347826087	-0.5460000000000003
C0093	S4_cd4_cladeCRF	glycan_free	-7.454	24	35.91	456.0	6	42	candidate	CHEMBL1645267	3200.0	False	0.4690611024268165	19	52	75.3623188405797	52.0	75.3623188405797	-0.5190000000000001
C0037	S4_cd4_cladeCRF	glycan_free	-7.403	21	13.05	413.9	6	42	candidate	CHEMBL223228	3.5	False	0.3856547759246834	11	53	76.81159420289855	53.0	76.81159420289855	-0.46799999999999997
C0011	S4_cd4_cladeCRF	glycan_free	-7.394	23	21.07	445.0	6	42	candidate	CHEMBL4536283	3600.0	False	0.4778945208979343	16	54	78.26086956521739	54.0	78.26086956521739	-0.4590000000000005
C0128	S4_cd4_cladeCRF	glycan_free	-7.332	26	29.08	461.9	6	42	candidate	CHEMBL1645261	58500.0	False	0.3923912197224776	17	55	79.71014492753623	55.0	79.71014492753623	-0.39700000000000024
C0085	S4_cd4_cladeCRF	glycan_free	-7.322	23	27.88	437.0	6	42	candidate	CHEMBL1645120	4200.0	False	0.4822477515127786	21	56	81.15942028985508	56.0	81.15942028985508	-0.38700000000000045
C0129	S4_cd4_cladeCRF	glycan_free	-7.264	21	21.05	421.0	6	42	candidate	CHEMBL1645258	58600.0	False	0.4637017483395753	19	57	82.6086956521739	57.0	82.6086956521739	-0.3290000000000006
C0147	S4_cd4_cladeCRF	glycan_free	-7.216	24	33.49	461.9	6	42	candidate	CHEMBL1645270	2600.0	False	0.4912596166473387	20	58	84.05797101449275	58.0	84.05797101449275	-0.2810000000000006
C0056	S4_cd4_cladeCRF	glycan_free	-7.193	32	111.31	507.8	6	42	candidate	CHEMBL318846	250000.0	False	0.4913088165493982	17	59	85.5072463768116	59.0	85.5072463768116	-0.258
C0101	S4_cd4_cladeCRF	glycan_free	-6.935	35	63.37	541.0	6	42	control:temsavir_83J	CHEMBL3301620	0.83	False	0.5210183712114612	14	60	86.95652173913044	60.0	86.95652173913044	0.0
C0106	S4_cd4_cladeCRF	glycan_free	-6.182	46	341.91	1013.2	6	42	candidate	CHEMBL4859187	230.0	False	0.4215340062303403	22	61	88.40579710144928	61.0	88.40579710144928	0.7529999999999992
C0080	S4_cd4_cladeCRF	glycan_free	-5.941	22	22.47	429.3	6	42	candidate	CHEMBL1645132	2500.0	False	0.5162485392486127	8	62	89.85507246376811	62.0	89.85507246376811	0.9939999999999998
C0039	S4_cd4_cladeCRF	glycan_free	-5.884	37	152.26	641.7	6	42	candidate	CHEMBL4863990	120.0	False	0.5192746366783019	13	63	91.30434782608695	63.0	91.30434782608695	1.0509999999999993
C0115	S4_cd4_cladeCRF	glycan_free	-5.772	34	59.15	529.0	6	42	candidate	CHEMBL4573432	130.0	False	0.5180329275985884	8	64	92.7536231884058	64.0	92.7536231884058	1.1629999999999994
C0002	S4_cd4_cladeCRF	glycan_free	-5.405	26	25.47	470.9	6	42	candidate	CHEMBL4873946	6200.0	False	0.4157609389428153	10	65	94.20289855072464	65.0	94.20289855072464	1.5299999999999994
C0038	S4_cd4_cladeCRF	glycan_free	-5.394	33	76.01	555.3	6	42	candidate	CHEMBL4873037	8500.0	False	0.5116882903072392	9	66	95.65217391304348	66.0	95.65217391304348	1.5409999999999995
C0109	S4_cd4_cladeCRF	glycan_free	-5.274	25	40.71	435.2	6	42	candidate	CHEMBL98987	30000.0	False	0.4416811689893929	11	67	97.10144927536231	67.0	97.10144927536231	1.6609999999999996
C0019	S4_cd4_cladeCRF	glycan_free	-5.224	31	51.34	498.5	6	42	candidate	CHEMBL238103	19.0	False	0.5716093644448057	8	68	98.55072463768116	68.0	98.55072463768116	1.7109999999999994
C0029	S4_cd4_cladeCRF	glycan_free	-3.087	43	302.38	729.5	6	42	candidate	CHEMBL4873137	720.0	False	0.5533559235794452	9	69	100.0	69.0	100.0	3.8479999999999994
C0151	S4_cd4_cladeCRF	glycosylated	-9.217	26	32.29	470.9	6	42	candidate	CHEMBL4579482	46000.0	False	0.4460607496898678	21	1	1.4492753623188406	1.0	1.4492753623188406	-2.282000000000001
C0070	S4_cd4_cladeCRF	glycosylated	-9.148	31	57.35	532.8	6	42	candidate	CHEMBL4865734	11400.0	False	0.4178275106953607	19	2	2.898550724637681	2.0	2.898550724637681	-2.213
C0103	S4_cd4_cladeCRF	glycosylated	-9.023	24	22.66	453.3	6	42	candidate	CHEMBL4563477	460.0	False	0.4114086059959977	19	3	4.3478260869565215	3.0	4.3478260869565215	-2.088
C0017	S4_cd4_cladeCRF	glycosylated	-8.766	26	23.67	461.9	6	42	candidate	CHEMBL1645130	1300.0	False	0.4637017483395753	19	4	5.797101449275362	4.0	5.797101449275362	-1.8310000000000004
C0149	S4_cd4_cladeCRF	glycosylated	-8.702	30	72.59	532.8	6	42	candidate	CHEMBL5278363	390.0	False	0.4043152112036639	18	5	7.246376811594203	5.0	7.246376811594203	-1.7670000000000003
C0040	S4_cd4_cladeCRF	glycosylated	-8.629	25	23.07	453.3	6	42	candidate	CHEMBL1645118	300.0	False	0.4637017483395753	19	6	8.695652173913043	6.0	8.695652173913043	-1.694
C0119	S4_cd4_cladeCRF	glycosylated	-8.555	23	18.45	445.0	6	42	candidate	CHEMBL4573301	59000.0	False	0.3982558323494717	16	7	10.144927536231885	7.0	10.144927536231885	-1.62
C0116	S4_cd4_cladeCRF	glycosylated	-8.548	24	24.09	453.3	6	42	candidate	CHEMBL1645111	760.0	False	0.4637017483395753	19	8	11.594202898550725	8.0	11.594202898550725	-1.6130000000000004
C0047	S4_cd4_cladeCRF	glycosylated	-8.534	25	28.68	461.9	6	42	candidate	CHEMBL1645256	1200.0	False	0.4873067993642621	21	9	13.043478260869565	9.0	13.043478260869565	-1.599000000000001
C0032	S4_cd4_cladeCRF	glycosylated	-8.465	24	21.68	453.3	6	42	candidate	CHEMBL4556233	7600.0	False	0.4637017483395753	19	10	14.492753623188406	10.0	14.492753623188406	-1.5300000000000002
C0050	S4_cd4_cladeCRF	glycosylated	-8.439	23	17.44	445.0	6	42	candidate	CHEMBL4441575	2100.0	False	0.4118471054448259	17	11	15.942028985507246	11.0	15.942028985507246	-1.5040000000000004
C0001	S4_cd4_cladeCRF	glycosylated	-8.377	24	19.06	389.6	6	42	candidate	CHEMBL1645129	1000.0	False	0.4509315530596125	17	12	17.391304347826086	12.0	17.391304347826086	-1.442000000000001
C0024	S4_cd4_cladeCRF	glycosylated	-8.368	23	20.86	445.0	6	42	candidate	CHEMBL1645265	600.0	False	0.399212264080362	17	13	18.840579710144926	13.0	18.840579710144926	-1.4330000000000007
C0136	S4_cd4_cladeCRF	glycosylated	-8.279	22	19.45	437.0	6	42	candidate	CHEMBL4862383	6600.0	False	0.5177724950639899	17	14	20.28985507246377	14.0	20.28985507246377	-1.3440000000000003
C0010	S4_cd4_cladeCRF	glycosylated	-8.233	22	19.65	437.0	6	42	candidate	CHEMBL1645247	4000.0	False	0.4802067655839506	20	15	21.73913043478261	15.0	21.73913043478261	-1.298000000000001
C0148	S4_cd4_cladeCRF	glycosylated	-8.189	28	56.95	511.6	6	42	candidate	CHEMBL4547005	460.0	False	0.3982093148178423	20	16	23.18840579710145	16.0	23.18840579710145	-1.2540000000000004
C0084	S4_cd4_cladeCRF	glycosylated	-8.136	21	21.06	429.3	6	42	candidate	CHEMBL1645124	3000.0	False	0.4637017483395753	19	17	24.63768115942029	17.0	24.63768115942029	-1.2009999999999996
C0097	S4_cd4_cladeCRF	glycosylated	-8.127	25	30.89	453.3	6	42	candidate	CHEMBL1645263	2400.0	False	0.4759617439115902	17	18	26.08695652173913	18.0	26.08695652173913	-1.192000000000001
C0067	S4_cd4_cladeCRF	glycosylated	-8.072	21	14.25	415.8	6	42	candidate	CHEMBL4468918	2800.0	False	0.3710789566744738	19	19	27.536231884057973	19.0	27.536231884057973	-1.1369999999999996
C0102	S4_cd4_cladeCRF	glycosylated	-8.072	28	52.34	480.1	6	42	candidate	CHEMBL1645291	20500.0	False	0.4719820346711211	20	20	28.985507246376812	20.0	28.985507246376812	-1.1369999999999996
C0142	S4_cd4_cladeCRF	glycosylated	-8.056	23	20.86	445.0	6	42	candidate	CHEMBL4553472	4000.0	False	0.4637017483395753	19	21	30.434782608695652	21.0	30.434782608695652	-1.1209999999999996
C0127	S4_cd4_cladeCRF	glycosylated	-8.053	25	29.68	461.9	6	42	candidate	CHEMBL1645112	2200.0	False	0.3966026972983985	18	22	31.884057971014492	22.0	31.884057971014492	-1.1180000000000012
C0117	S4_cd4_cladeCRF	glycosylated	-8.045	30	54.95	488.7	6	42	control:BMS378806_83G	CHEMBL337301	8700.0	False	0.5024196655798953	15	23	33.333333333333336	23.0	33.333333333333336	-1.1100000000000003
C0074	S4_cd4_cladeCRF	glycosylated	-8.044	23	28.08	471.9	6	42	candidate	CHEMBL4872465	7000.0	False	0.376438310761715	19	24	34.78260869565217	24.0	34.78260869565217	-1.1090000000000009
C0013	S4_cd4_cladeCRF	glycosylated	-8.038	28	45.53	429.5	6	42	candidate	CHEMBL1645287	61400.0	False	0.4507192517413054	21	25	36.231884057971016	25.0	36.231884057971016	-1.1030000000000006
C0105	S4_cd4_cladeCRF	glycosylated	-8.003	23	17.85	445.0	6	42	candidate	CHEMBL4528442	63000.0	False	0.4307690816300582	17	26	37.68115942028985	26.0	37.68115942028985	-1.0680000000000005
C0020	S4_cd4_cladeCRF	glycosylated	-7.976	30	59.56	499.5	6	42	candidate	CHEMBL1645289	73600.0	False	0.4554084742047692	20	27	39.130434782608695	27.0	39.130434782608695	-1.0410000000000004
C0009	S4_cd4_cladeCRF	glycosylated	-7.965	21	16.05	421.9	6	42	candidate	CHEMBL1645131	4200.0	False	0.4824927610936876	18	28	40.57971014492754	28.0	40.57971014492754	-1.0300000000000002
C0108	S4_cd4_cladeCRF	glycosylated	-7.962	23	20.06	444.1	6	42	candidate	CHEMBL254781	170.0	False	0.3822092256680648	17	29	42.028985507246375	29.0	42.028985507246375	-1.0270000000000001
C0143	S4_cd4_cladeCRF	glycosylated	-7.957	23	25.27	445.0	6	42	candidate	CHEMBL1645255	3100.0	False	0.4170953073493215	20	30	43.47826086956522	30.0	43.47826086956522	-1.0220000000000002
C0100	S4_cd4_cladeCRF	glycosylated	-7.857	29	35.71	420.0	6	42	candidate	CHEMBL5204063	1.5	False	0.394212713373321	14	31	44.927536231884055	31.0	44.927536231884055	-0.9220000000000006
C0124	S4_cd4_cladeCRF	glycosylated	-7.852	24	31.48	445.0	6	42	candidate	CHEMBL1645266	1600.0	False	0.4320904240823015	19	32	46.3768115942029	32.0	46.3768115942029	-0.9170000000000007
C0158	S4_cd4_cladeCRF	glycosylated	-7.835	23	23.08	445.0	6	42	candidate	CHEMBL4444898	61000.0	False	0.4261058086305879	17	33	47.82608695652174	33.0	47.82608695652174	-0.9000000000000004
C0012	S4_cd4_cladeCRF	glycosylated	-7.82	23	17.44	445.0	6	42	candidate	CHEMBL4467451	2300.0	False	0.4380359280580017	19	34	49.27536231884058	34.0	49.27536231884058	-0.8850000000000007
C0025	S4_cd4_cladeCRF	glycosylated	-7.795	25	35.29	441.4	6	42	candidate	CHEMBL1645242	2300.0	False	0.4607204744488269	20	35	50.72463768115942	35.0	50.72463768115942	-0.8600000000000003
C0021	S4_cd4_cladeCRF	glycosylated	-7.748	22	22.07	429.3	6	42	candidate	CHEMBL1645125	4300.0	False	0.399212264080362	17	36	52.17391304347826	36.0	52.17391304347826	-0.8130000000000006
C0006	S4_cd4_cladeCRF	glycosylated	-7.726	22	22.07	422.0	6	42	candidate	CHEMBL4514380	770.0	False	0.378448449028397	18	37	53.6231884057971	37.0	53.6231884057971	-0.7910000000000004
C0135	S4_cd4_cladeCRF	glycosylated	-7.723	23	22.26	445.0	6	42	candidate	CHEMBL4463469	68000.0	False	0.5041615585147614	16	38	55.072463768115945	38.0	55.072463768115945	-0.7880000000000003
C0162	S4_cd4_cladeCRF	glycosylated	-7.717	21	18.85	422.0	6	42	candidate	CHEMBL1645119	9400.0	False	0.4271646044948872	18	39	56.52173913043478	39.0	56.52173913043478	-0.782
C0121	S4_cd4_cladeCRF	glycosylated	-7.684	23	27.87	454.3	6	42	candidate	CHEMBL4870333	800.0	False	0.4984013804859898	17	40	57.971014492753625	40.0	57.971014492753625	-0.7490000000000006
C0123	S4_cd4_cladeCRF	glycosylated	-7.619	21	18.05	414.9	6	42	candidate	CHEMBL4517215	1800.0	False	0.4117590825354359	20	41	59.42028985507246	41.0	59.42028985507246	-0.6840000000000002
C0094	S4_cd4_cladeCRF	glycosylated	-7.618	42	226.4	777.5	6	42	candidate	CHEMBL4859112	290.0	False	0.4475215931368705	22	42	60.869565217391305	42.0	60.869565217391305	-0.6830000000000007
C0099	S4_cd4_cladeCRF	glycosylated	-7.6	24	26.48	452.1	6	42	candidate	CHEMBL4460156	27000.0	False	0.4431898629341818	19	43	62.31884057971015	43.0	62.31884057971015	-0.665
C0159	S4_cd4_cladeCRF	glycosylated	-7.579	23	21.86	445.0	6	42	candidate	CHEMBL4471847	42000.0	False	0.4484724704643785	18	44	63.768115942028984	44.0	63.768115942028984	-0.6440000000000001
C0075	S4_cd4_cladeCRF	glycosylated	-7.551	23	23.66	437.0	6	42	candidate	CHEMBL1645262	1700.0	False	0.4637017483395753	19	45	65.21739130434783	45.0	65.21739130434783	-0.6160000000000005
C0060	S4_cd4_cladeCRF	glycosylated	-7.539	23	24.67	437.0	6	42	candidate	CHEMBL1641635	3300.0	False	0.4775460002926075	21	46	66.66666666666667	46.0	66.66666666666667	-0.6040000000000001
C0055	S4_cd4_cladeCRF	glycosylated	-7.524	23	20.85	445.0	6	42	candidate	CHEMBL4594134	1200.0	False	0.4504756243724635	18	47	68.1159420289855	47.0	68.1159420289855	-0.5890000000000004
C0153	S4_cd4_cladeCRF	glycosylated	-7.524	22	25.07	429.3	6	42	candidate	CHEMBL1645259	2100.0	False	0.4637017483395753	19	48	69.56521739130434	48.0	69.56521739130434	-0.5890000000000004
C0165	S4_cd4_cladeCRF	glycosylated	-7.509	23	27.47	437.0	6	42	candidate	CHEMBL1645121	1900.0	False	0.5001875592339943	20	49	71.01449275362319	49.0	71.01449275362319	-0.5740000000000007
C0096	S4_cd4_cladeCRF	glycosylated	-7.503	24	23.86	453.3	6	42	candidate	CHEMBL4473905	1200.0	False	0.418084664719808	16	50	72.46376811594203	50.0	72.46376811594203	-0.5680000000000005
C0088	S4_cd4_cladeCRF	glycosylated	-7.481	23	25.27	437.0	6	42	candidate	CHEMBL1645126	3400.0	False	0.4873067993642621	21	51	73.91304347826087	51.0	73.91304347826087	-0.5460000000000003
C0093	S4_cd4_cladeCRF	glycosylated	-7.454	24	39.51	454.3	6	42	candidate	CHEMBL1645267	3200.0	False	0.4690611024268165	19	52	75.3623188405797	52.0	75.3623188405797	-0.5190000000000001
C0037	S4_cd4_cladeCRF	glycosylated	-7.403	21	13.64	413.9	6	42	candidate	CHEMBL223228	3.5	False	0.3856547759246834	11	53	76.81159420289855	53.0	76.81159420289855	-0.46799999999999997
C0011	S4_cd4_cladeCRF	glycosylated	-7.394	23	20.25	445.0	6	42	candidate	CHEMBL4536283	3600.0	False	0.4778945208979343	16	54	78.26086956521739	54.0	78.26086956521739	-0.4590000000000005
C0128	S4_cd4_cladeCRF	glycosylated	-7.332	26	32.49	461.9	6	42	candidate	CHEMBL1645261	58500.0	False	0.3923912197224776	17	55	79.71014492753623	55.0	79.71014492753623	-0.39700000000000024
C0085	S4_cd4_cladeCRF	glycosylated	-7.322	23	27.67	437.0	6	42	candidate	CHEMBL1645120	4200.0	False	0.4822477515127786	21	56	81.15942028985508	56.0	81.15942028985508	-0.38700000000000045
C0129	S4_cd4_cladeCRF	glycosylated	-7.264	21	23.07	421.0	6	42	candidate	CHEMBL1645258	58600.0	False	0.4637017483395753	19	57	82.6086956521739	57.0	82.6086956521739	-0.3290000000000006
C0147	S4_cd4_cladeCRF	glycosylated	-7.216	24	37.11	461.9	6	42	candidate	CHEMBL1645270	2600.0	False	0.4912596166473387	20	58	84.05797101449275	58.0	84.05797101449275	-0.2810000000000006
C0056	S4_cd4_cladeCRF	glycosylated	-7.193	32	107.87	507.8	6	42	candidate	CHEMBL318846	250000.0	False	0.4913088165493982	17	59	85.5072463768116	59.0	85.5072463768116	-0.258
C0101	S4_cd4_cladeCRF	glycosylated	-6.935	35	64.78	541.0	6	42	control:temsavir_83J	CHEMBL3301620	0.83	False	0.5210183712114612	14	60	86.95652173913044	60.0	86.95652173913044	0.0
C0106	S4_cd4_cladeCRF	glycosylated	-6.182	46	365.41	1052.5	6	42	candidate	CHEMBL4859187	230.0	False	0.4215340062303403	22	61	88.40579710144928	61.0	88.40579710144928	0.7529999999999992
C0080	S4_cd4_cladeCRF	glycosylated	-5.941	22	21.46	429.3	6	42	candidate	CHEMBL1645132	2500.0	False	0.5162485392486127	8	62	89.85507246376811	62.0	89.85507246376811	0.9939999999999998
C0039	S4_cd4_cladeCRF	glycosylated	-5.884	37	140.57	641.7	6	42	candidate	CHEMBL4863990	120.0	False	0.5192746366783019	13	63	91.30434782608695	63.0	91.30434782608695	1.0509999999999993
C0115	S4_cd4_cladeCRF	glycosylated	-5.772	34	63.78	528.9	6	42	candidate	CHEMBL4573432	130.0	False	0.5180329275985884	8	64	92.7536231884058	64.0	92.7536231884058	1.1629999999999994
C0002	S4_cd4_cladeCRF	glycosylated	-5.405	26	24.27	470.9	6	42	candidate	CHEMBL4873946	6200.0	False	0.4157609389428153	10	65	94.20289855072464	65.0	94.20289855072464	1.5299999999999994
C0038	S4_cd4_cladeCRF	glycosylated	-5.394	33	78.21	555.3	6	42	candidate	CHEMBL4873037	8500.0	False	0.5116882903072392	9	66	95.65217391304348	66.0	95.65217391304348	1.5409999999999995
C0109	S4_cd4_cladeCRF	glycosylated	-5.274	25	44.54	435.2	6	42	candidate	CHEMBL98987	30000.0	False	0.4416811689893929	11	67	97.10144927536231	67.0	97.10144927536231	1.6609999999999996
C0019	S4_cd4_cladeCRF	glycosylated	-5.224	31	49.53	498.5	6	42	candidate	CHEMBL238103	19.0	False	0.5716093644448057	8	68	98.55072463768116	68.0	98.55072463768116	1.7109999999999994
C0029	S4_cd4_cladeCRF	glycosylated	-3.087	43	304.38	729.5	6	42	candidate	CHEMBL4873137	720.0	False	0.5533559235794452	9	69	100.0	69.0	100.0	3.8479999999999994
