id	role	arm	S1_closed_apo	S2_closed_holo	S3_open_cd4	S4_cd4_cladeCRF	state_disagreement
C0001	candidate	glycan_free	46.3768115942029	49.27536231884058	42.028985507246375	17.391304347826086	False
C0001	candidate	glycosylated	34.78260869565217	53.6231884057971	34.78260869565217	17.391304347826086	False
C0002	candidate	glycan_free	10.144927536231885	73.91304347826087	11.594202898550725	94.20289855072464	False
C0002	candidate	glycosylated	63.768115942028984	34.78260869565217	50.72463768115942	94.20289855072464	False
C0006	candidate	glycan_free	49.27536231884058	17.391304347826086	66.66666666666667	53.6231884057971	False
C0006	candidate	glycosylated	36.231884057971016	97.10144927536231	68.1159420289855	53.6231884057971	False
C0009	candidate	glycan_free	17.391304347826086	20.28985507246377	60.869565217391305	40.57971014492754	False
C0009	candidate	glycosylated	15.942028985507246	24.63768115942029	59.42028985507246	40.57971014492754	False
C0010	candidate	glycan_free	1.4492753623188406	11.594202898550725	55.072463768115945	21.73913043478261	True
C0010	candidate	glycosylated	2.898550724637681	5.797101449275362	47.82608695652174	21.73913043478261	False
C0011	candidate	glycan_free	56.52173913043478	30.434782608695652	18.840579710144926	78.26086956521739	False
C0011	candidate	glycosylated	84.05797101449275	21.73913043478261	65.21739130434783	78.26086956521739	False
C0012	candidate	glycan_free	52.17391304347826	23.18840579710145	14.492753623188406	49.27536231884058	False
C0012	candidate	glycosylated	100.0	26.08695652173913	20.28985507246377	49.27536231884058	False
C0013	candidate	glycan_free	76.81159420289855	59.42028985507246	20.28985507246377	36.231884057971016	False
C0013	candidate	glycosylated	73.91304347826087	42.028985507246375	13.043478260869565	36.231884057971016	False
C0017	candidate	glycan_free	57.971014492753625	97.10144927536231	31.884057971014492	5.797101449275362	True
C0017	candidate	glycosylated	44.927536231884055	92.7536231884058	26.08695652173913	5.797101449275362	True
C0019	candidate	glycan_free	81.15942028985508	72.46376811594203	97.10144927536231	98.55072463768116	False
C0019	candidate	glycosylated	88.40579710144928	84.05797101449275	73.91304347826087	98.55072463768116	False
C0020	candidate	glycan_free	100.0	71.01449275362319	10.144927536231885	39.130434782608695	False
C0020	candidate	glycosylated	94.20289855072464	81.15942028985508	5.797101449275362	39.130434782608695	True
C0021	candidate	glycan_free	5.797101449275362	57.971014492753625	59.42028985507246	52.17391304347826	True
C0021	candidate	glycosylated	8.695652173913043	10.144927536231885	62.31884057971015	52.17391304347826	True
C0024	candidate	glycan_free	14.492753623188406	31.884057971014492	26.08695652173913	18.840579710144926	False
C0024	candidate	glycosylated	11.594202898550725	44.927536231884055	17.391304347826086	18.840579710144926	False
C0025	candidate	glycan_free	26.08695652173913	69.56521739130434	79.71014492753623	50.72463768115942	False
C0025	candidate	glycosylated	23.18840579710145	46.3768115942029	91.30434782608695	50.72463768115942	False
C0029	candidate	glycan_free	86.95652173913044	85.5072463768116	100.0	100.0	False
C0029	candidate	glycosylated	86.95652173913044	89.85507246376811	78.26086956521739	100.0	False
C0032	candidate	glycan_free	69.56521739130434	36.231884057971016	57.971014492753625	14.492753623188406	False
C0032	candidate	glycosylated	69.56521739130434	62.31884057971015	46.3768115942029	14.492753623188406	False
C0037	candidate	glycan_free	53.6231884057971	1.4492753623188406	94.20289855072464	76.81159420289855	True
C0037	candidate	glycosylated	52.17391304347826	66.66666666666667	94.20289855072464	76.81159420289855	False
C0038	candidate	glycan_free	79.71014492753623	44.927536231884055	7.246376811594203	95.65217391304348	True
C0038	candidate	glycosylated	79.71014492753623	60.869565217391305	97.10144927536231	95.65217391304348	False
C0039	candidate	glycan_free	82.6086956521739	65.21739130434783	73.91304347826087	91.30434782608695	False
C0039	candidate	glycosylated	85.5072463768116	82.6086956521739	85.5072463768116	91.30434782608695	False
C0040	candidate	glycan_free	78.26086956521739	47.82608695652174	47.82608695652174	8.695652173913043	True
C0040	candidate	glycosylated	78.26086956521739	65.21739130434783	42.028985507246375	8.695652173913043	True
C0047	candidate	glycan_free	8.695652173913043	42.028985507246375	8.695652173913043	13.043478260869565	False
C0047	candidate	glycosylated	7.246376811594203	37.68115942028985	7.246376811594203	13.043478260869565	False
C0050	candidate	glycan_free	33.333333333333336	28.985507246376812	76.81159420289855	15.942028985507246	False
C0050	candidate	glycosylated	39.130434782608695	43.47826086956522	76.81159420289855	15.942028985507246	False
C0055	candidate	glycan_free	92.7536231884058	60.869565217391305	49.27536231884058	68.1159420289855	False
C0055	candidate	glycosylated	49.27536231884058	56.52173913043478	36.231884057971016	68.1159420289855	False
C0056	candidate	glycan_free	91.30434782608695	84.05797101449275	95.65217391304348	85.5072463768116	False
C0056	candidate	glycosylated	91.30434782608695	73.91304347826087	95.65217391304348	85.5072463768116	False
C0060	candidate	glycan_free	37.68115942028985	76.81159420289855	86.95652173913044	66.66666666666667	False
C0060	candidate	glycosylated	27.536231884057973	30.434782608695652	52.17391304347826	66.66666666666667	False
C0067	candidate	glycan_free	18.840579710144926	13.043478260869565	34.78260869565217	27.536231884057973	False
C0067	candidate	glycosylated	14.492753623188406	13.043478260869565	28.985507246376812	27.536231884057973	False
C0070	candidate	glycan_free	85.5072463768116	39.130434782608695	5.797101449275362	2.898550724637681	True
C0070	candidate	glycosylated	81.15942028985508	40.57971014492754	2.898550724637681	2.898550724637681	True
C0074	candidate	glycan_free	4.3478260869565215	8.695652173913043	50.72463768115942	34.78260869565217	True
C0074	candidate	glycosylated	5.797101449275362	75.3623188405797	37.68115942028985	34.78260869565217	True
C0075	candidate	glycan_free	28.985507246376812	4.3478260869565215	78.26086956521739	65.21739130434783	True
C0075	candidate	glycosylated	21.73913043478261	18.840579710144926	75.3623188405797	65.21739130434783	False
C0080	candidate	glycan_free	21.73913043478261	81.15942028985508	63.768115942028984	89.85507246376811	False
C0080	candidate	glycosylated	18.840579710144926	98.55072463768116	63.768115942028984	89.85507246376811	False
C0084	candidate	glycan_free	11.594202898550725	7.246376811594203	62.31884057971015	24.63768115942029	True
C0084	candidate	glycosylated	24.63768115942029	2.898550724637681	60.869565217391305	24.63768115942029	True
C0085	candidate	glycan_free	60.869565217391305	52.17391304347826	89.85507246376811	81.15942028985508	False
C0085	candidate	glycosylated	95.65217391304348	52.17391304347826	86.95652173913044	81.15942028985508	False
C0088	candidate	glycan_free	42.028985507246375	15.942028985507246	84.05797101449275	73.91304347826087	False
C0088	candidate	glycosylated	30.434782608695652	4.3478260869565215	82.6086956521739	73.91304347826087	True
C0093	candidate	glycan_free	36.231884057971016	26.08695652173913	72.46376811594203	75.3623188405797	False
C0093	candidate	glycosylated	47.82608695652174	55.072463768115945	69.56521739130434	75.3623188405797	False
C0094	candidate	glycan_free	75.3623188405797	98.55072463768116	4.3478260869565215	60.869565217391305	True
C0094	candidate	glycosylated	82.6086956521739	79.71014492753623	1.4492753623188406	60.869565217391305	True
C0096	candidate	glycan_free	65.21739130434783	95.65217391304348	24.63768115942029	72.46376811594203	False
C0096	candidate	glycosylated	66.66666666666667	63.768115942028984	18.840579710144926	72.46376811594203	False
C0097	candidate	glycan_free	63.768115942028984	55.072463768115945	17.391304347826086	26.08695652173913	False
C0097	candidate	glycosylated	55.072463768115945	31.884057971014492	11.594202898550725	26.08695652173913	False
C0099	candidate	glycan_free	71.01449275362319	50.72463768115942	36.231884057971016	62.31884057971015	False
C0099	candidate	glycosylated	71.01449275362319	17.391304347826086	56.52173913043478	62.31884057971015	False
C0100	candidate	glycan_free	84.05797101449275	86.95652173913044	52.17391304347826	44.927536231884055	False
C0100	candidate	glycosylated	59.42028985507246	86.95652173913044	40.57971014492754	44.927536231884055	False
C0101	control:temsavir_83J	glycan_free	95.65217391304348	91.30434782608695	65.21739130434783	86.95652173913044	False
C0101	control:temsavir_83J	glycosylated	92.7536231884058	100.0	89.85507246376811	86.95652173913044	False
C0102	candidate	glycan_free	27.536231884057973	66.66666666666667	56.52173913043478	28.985507246376812	False
C0102	candidate	glycosylated	10.144927536231885	91.30434782608695	55.072463768115945	28.985507246376812	False
C0103	candidate	glycan_free	62.31884057971015	21.73913043478261	30.434782608695652	4.3478260869565215	True
C0103	candidate	glycosylated	50.72463768115942	72.46376811594203	24.63768115942029	4.3478260869565215	True
C0105	candidate	glycan_free	44.927536231884055	63.768115942028984	28.985507246376812	37.68115942028985	False
C0105	candidate	glycosylated	40.57971014492754	33.333333333333336	23.18840579710145	37.68115942028985	False
C0106	candidate	glycan_free	88.40579710144928	82.6086956521739	1.4492753623188406	88.40579710144928	True
C0106	candidate	glycosylated	89.85507246376811	94.20289855072464	4.3478260869565215	88.40579710144928	True
C0108	candidate	glycan_free	50.72463768115942	92.7536231884058	82.6086956521739	42.028985507246375	False
C0108	candidate	glycosylated	42.028985507246375	78.26086956521739	53.6231884057971	42.028985507246375	False
C0109	candidate	glycan_free	97.10144927536231	5.797101449275362	98.55072463768116	97.10144927536231	True
C0109	candidate	glycosylated	57.971014492753625	15.942028985507246	98.55072463768116	97.10144927536231	False
C0115	candidate	glycan_free	98.55072463768116	79.71014492753623	2.898550724637681	92.7536231884058	True
C0115	candidate	glycosylated	97.10144927536231	88.40579710144928	100.0	92.7536231884058	False
C0116	candidate	glycan_free	73.91304347826087	89.85507246376811	27.536231884057973	11.594202898550725	False
C0116	candidate	glycosylated	72.46376811594203	57.971014492753625	21.73913043478261	11.594202898550725	False
C0117	control:BMS378806_83G	glycan_free	94.20289855072464	56.52173913043478	92.7536231884058	33.333333333333336	False
C0117	control:BMS378806_83G	glycosylated	68.1159420289855	71.01449275362319	92.7536231884058	33.333333333333336	False
C0119	candidate	glycan_free	55.072463768115945	24.63768115942029	43.47826086956522	10.144927536231885	False
C0119	candidate	glycosylated	46.3768115942029	28.985507246376812	44.927536231884055	10.144927536231885	False
C0121	candidate	glycan_free	23.18840579710145	14.492753623188406	88.40579710144928	57.971014492753625	False
C0121	candidate	glycosylated	33.333333333333336	14.492753623188406	84.05797101449275	57.971014492753625	False
C0123	candidate	glycan_free	40.57971014492754	2.898550724637681	68.1159420289855	59.42028985507246	True
C0123	candidate	glycosylated	28.985507246376812	1.4492753623188406	57.971014492753625	59.42028985507246	True
C0124	candidate	glycan_free	2.898550724637681	27.536231884057973	69.56521739130434	46.3768115942029	True
C0124	candidate	glycosylated	1.4492753623188406	11.594202898550725	71.01449275362319	46.3768115942029	True
C0127	candidate	glycan_free	68.1159420289855	33.333333333333336	44.927536231884055	31.884057971014492	False
C0127	candidate	glycosylated	62.31884057971015	76.81159420289855	43.47826086956522	31.884057971014492	False
C0128	candidate	glycan_free	34.78260869565217	53.6231884057971	39.130434782608695	79.71014492753623	False
C0128	candidate	glycosylated	98.55072463768116	20.28985507246377	27.536231884057973	79.71014492753623	False
C0129	candidate	glycan_free	20.28985507246377	10.144927536231885	91.30434782608695	82.6086956521739	False
C0129	candidate	glycosylated	31.884057971014492	7.246376811594203	88.40579710144928	82.6086956521739	True
C0135	candidate	glycan_free	59.42028985507246	68.1159420289855	75.3623188405797	55.072463768115945	False
C0135	candidate	glycosylated	53.6231884057971	59.42028985507246	72.46376811594203	55.072463768115945	False
C0136	candidate	glycan_free	13.043478260869565	18.840579710144926	46.3768115942029	20.28985507246377	False
C0136	candidate	glycosylated	13.043478260869565	47.82608695652174	39.130434782608695	20.28985507246377	False
C0142	candidate	glycan_free	66.66666666666667	75.3623188405797	33.333333333333336	30.434782608695652	False
C0142	candidate	glycosylated	75.3623188405797	39.130434782608695	31.884057971014492	30.434782608695652	False
C0143	candidate	glycan_free	24.63768115942029	94.20289855072464	53.6231884057971	43.47826086956522	False
C0143	candidate	glycosylated	26.08695652173913	23.18840579710145	49.27536231884058	43.47826086956522	False
C0147	candidate	glycan_free	31.884057971014492	34.78260869565217	37.68115942028985	84.05797101449275	False
C0147	candidate	glycosylated	20.28985507246377	27.536231884057973	30.434782608695652	84.05797101449275	False
C0148	candidate	glycan_free	89.85507246376811	78.26086956521739	15.942028985507246	23.18840579710145	False
C0148	candidate	glycosylated	56.52173913043478	95.65217391304348	8.695652173913043	23.18840579710145	True
C0149	candidate	glycan_free	7.246376811594203	37.68115942028985	23.18840579710145	7.246376811594203	False
C0149	candidate	glycosylated	4.3478260869565215	69.56521739130434	14.492753623188406	7.246376811594203	True
C0151	candidate	glycan_free	72.46376811594203	88.40579710144928	13.043478260869565	1.4492753623188406	True
C0151	candidate	glycosylated	76.81159420289855	68.1159420289855	10.144927536231885	1.4492753623188406	True
C0153	candidate	glycan_free	30.434782608695652	100.0	81.15942028985508	69.56521739130434	False
C0153	candidate	glycosylated	17.391304347826086	8.695652173913043	81.15942028985508	69.56521739130434	True
C0158	candidate	glycan_free	47.82608695652174	43.47826086956522	40.57971014492754	47.82608695652174	False
C0158	candidate	glycosylated	43.47826086956522	85.5072463768116	33.333333333333336	47.82608695652174	False
C0159	candidate	glycan_free	43.47826086956522	62.31884057971015	21.73913043478261	63.768115942028984	False
C0159	candidate	glycosylated	65.21739130434783	49.27536231884058	15.942028985507246	63.768115942028984	False
C0162	candidate	glycan_free	39.130434782608695	46.3768115942029	71.01449275362319	56.52173913043478	False
C0162	candidate	glycosylated	37.68115942028985	50.72463768115942	66.66666666666667	56.52173913043478	False
C0165	candidate	glycan_free	15.942028985507246	40.57971014492754	85.5072463768116	71.01449275362319	False
C0165	candidate	glycosylated	60.869565217391305	36.231884057971016	79.71014492753623	71.01449275362319	False
